-- --------------------------------------------------------
-- Host:                         127.0.0.1
-- Server version:               10.4.11-MariaDB - mariadb.org binary distribution
-- Server OS:                    Win64
-- HeidiSQL Version:             10.2.0.5599
-- --------------------------------------------------------

/*!40101 SET @OLD_CHARACTER_SET_CLIENT=@@CHARACTER_SET_CLIENT */;
/*!40101 SET NAMES utf8 */;
/*!50503 SET NAMES utf8mb4 */;
/*!40014 SET @OLD_FOREIGN_KEY_CHECKS=@@FOREIGN_KEY_CHECKS, FOREIGN_KEY_CHECKS=0 */;
/*!40101 SET @OLD_SQL_MODE=@@SQL_MODE, SQL_MODE='NO_AUTO_VALUE_ON_ZERO' */;


-- Dumping database structure for divadlo
CREATE DATABASE IF NOT EXISTS `divadlo` /*!40100 DEFAULT CHARACTER SET utf8mb4 */;
USE `divadlo`;

-- Dumping structure for table divadlo.booked_ticket
CREATE TABLE IF NOT EXISTS `booked_ticket` (
  `idBookedTicket` int(11) NOT NULL AUTO_INCREMENT,
  `idCustomer` int(11) DEFAULT NULL,
  `ticketStatus` int(11) DEFAULT NULL,
  `createDate` datetime DEFAULT NULL,
  `totalSum` double DEFAULT NULL,
  PRIMARY KEY (`idBookedTicket`),
  KEY `FK1_ticket_customer` (`idCustomer`),
  KEY `FK2_ticket_status` (`ticketStatus`),
  CONSTRAINT `FK1_ticket_customer` FOREIGN KEY (`idCustomer`) REFERENCES `customer` (`idCustomer`),
  CONSTRAINT `FK2_ticket_status` FOREIGN KEY (`ticketStatus`) REFERENCES `booked_ticket_status` (`idStatus`)
) ENGINE=InnoDB AUTO_INCREMENT=78 DEFAULT CHARSET=utf8mb4;

-- Dumping data for table divadlo.booked_ticket: ~1 rows (approximately)
/*!40000 ALTER TABLE `booked_ticket` DISABLE KEYS */;
INSERT INTO `booked_ticket` (`idBookedTicket`, `idCustomer`, `ticketStatus`, `createDate`, `totalSum`) VALUES
	(74, 94, 1, '2020-05-19 20:50:25', 24),
	(75, 95, 1, '2020-05-19 20:50:45', 67.2),
	(76, 96, 1, '2020-05-19 21:13:30', 33.6),
	(77, 97, 1, '2020-05-19 21:13:46', 28.8);
/*!40000 ALTER TABLE `booked_ticket` ENABLE KEYS */;

-- Dumping structure for table divadlo.booked_ticket_status
CREATE TABLE IF NOT EXISTS `booked_ticket_status` (
  `idStatus` int(11) NOT NULL,
  `status` varchar(50) DEFAULT NULL,
  PRIMARY KEY (`idStatus`)
) ENGINE=InnoDB DEFAULT CHARSET=utf8mb4;

-- Dumping data for table divadlo.booked_ticket_status: ~2 rows (approximately)
/*!40000 ALTER TABLE `booked_ticket_status` DISABLE KEYS */;
INSERT INTO `booked_ticket_status` (`idStatus`, `status`) VALUES
	(1, 'rezervovaný'),
	(2, 'zakúpený'),
	(3, 'zrušený');
/*!40000 ALTER TABLE `booked_ticket_status` ENABLE KEYS */;

-- Dumping structure for table divadlo.customer
CREATE TABLE IF NOT EXISTS `customer` (
  `idCustomer` int(11) NOT NULL AUTO_INCREMENT,
  `firstName` varchar(50) NOT NULL,
  `lastName` varchar(50) NOT NULL,
  `street` varchar(50) DEFAULT NULL,
  `houseNumber` varchar(25) DEFAULT NULL,
  `zip` varchar(10) DEFAULT NULL,
  `city` varchar(50) DEFAULT NULL,
  `phone` varchar(50) DEFAULT NULL,
  `email` varchar(50) NOT NULL,
  PRIMARY KEY (`idCustomer`)
) ENGINE=InnoDB AUTO_INCREMENT=100 DEFAULT CHARSET=utf8mb4;

-- Dumping data for table divadlo.customer: ~13 rows (approximately)
/*!40000 ALTER TABLE `customer` DISABLE KEYS */;
INSERT INTO `customer` (`idCustomer`, `firstName`, `lastName`, `street`, `houseNumber`, `zip`, `city`, `phone`, `email`) VALUES
	(75, 'Lucia', 'Malá', 'Hlavná', '42', '92001', 'Hlohovec', '+4299445487', 'bubok666@gmail.com'),
	(76, 'Lucia', 'Malá', 'Hlavná', '42', '92001', 'Hlohovec', '+4299445487', 'bubok666@gmail.com'),
	(77, 'Lucia', 'Malá', 'Hlavná', '42', '92001', 'Hlohovec', '+4299445487', 'bubok666@gmail.com'),
	(78, 'Lucia', 'Malá', 'Hlavná', '42', '92001', 'Hlohovec', '+4299445487', 'bubok666@gmail.com'),
	(79, 'Samuel', 'Mrkva', 'Ulicová', '77', '91548', 'Trnava', '+42978452249', 'ekubranska1@student.euba.sk'),
	(80, 'Samuel', 'Mrkva', 'Ulicová', '77', '91548', 'Trnava', '+42978452249', 'gregorkovar42@gmail.com'),
	(81, 'Samuel', 'Mrkva', 'Ulicová', '77', '91548', 'Trnava', '+42978452249', 'bubok666@gmail.com'),
	(82, 'Samuel', 'Mrkva', 'Ulicová', '77', '91548', 'Trnava', '+42978452249', 'bubok666@gmail.com'),
	(83, 'Samuel', 'Mrkva', 'Ulicová', '77', '91548', 'Trnava', '+42978452249', 'bubok666@gmail.com'),
	(84, 'Samuel', 'Mrkva', 'Ulicová', '77', '91548', 'Trnava', '+42978452249', 'bubok666@gmail.com'),
	(85, 'Samuel', 'Mrvka', 'Mala', '45', '45698', 'Trnava', '+4294524987', 'bubok666@gmail.com'),
	(86, 'Samuel', 'Mrvka', 'Mala', '45', '45698', 'Trnava', '+4294524987', 'bubok666@gmail.com'),
	(91, 'test', 'test', 'abc', '12', '245985', 'Bratislava', '+429875656', 'bubok666@gmail.com'),
	(94, 'Eva', 'Kubranská', 'Radlinského', '77', '92001', 'Hlohovec', '0944554249', 'eva.kubranska@gmail.com'),
	(95, 'Eva', 'Kubranská', 'Radlinského', '6', '92001', 'Hlohovec', '0944554249', 'eva.kubranska@gmail.com'),
	(96, 'Eva', 'Kubranská', 'Radlinského', '33', '92001', 'Hlohovec', '0944554249', 'eva.kubranska@gmail.com'),
	(97, 'Eva', 'Kubranská', 'Radlinského', '5', '92001', 'Hlohovec', '0944554249', 'eva.kubranska@gmail.com'),
	(98, 'Eva', 'Kubranská', 'Radlinského', '45', '92001', 'Hlohovec', '0944554249', 'eva.kubranska@gmail.com'),
	(99, 'Eva', 'Kubranská', '55', 'Radlinského', '92001', 'Hlohovec', '0944554249', 'eva.kubranska@gmail.com');
/*!40000 ALTER TABLE `customer` ENABLE KEYS */;

-- Dumping structure for table divadlo.hall
CREATE TABLE IF NOT EXISTS `hall` (
  `idHall` int(11) NOT NULL,
  `name` varchar(45) NOT NULL,
  `description` text NOT NULL,
  `capacity` smallint(6) NOT NULL,
  `hallType` int(11) NOT NULL,
  PRIMARY KEY (`idHall`),
  KEY `FK_hall_hall_type` (`hallType`),
  CONSTRAINT `FK_hall_hall_type` FOREIGN KEY (`hallType`) REFERENCES `hall_type` (`idHallType`)
) ENGINE=InnoDB DEFAULT CHARSET=utf8mb4;

-- Dumping data for table divadlo.hall: ~4 rows (approximately)
/*!40000 ALTER TABLE `hall` DISABLE KEYS */;
INSERT INTO `hall` (`idHall`, `name`, `description`, `capacity`, `hallType`) VALUES
	(1, 'Sala3A', 'Sála s kapacitou do 140 sedadiel s voľným pľacom pod pódiom. Vhodná pre usporiadanie firemných večierkou a menších plesov. ', 140, 3),
	(2, 'sala1A', 'Sála s kapacitou do 60 sedadiel vyniká výbornou akustikou. Vhodná pre usporiadanie seminárov a prednášok.', 60, 1),
	(3, 'sala2A', 'Orchestrálna sála  s kapacitou do 200 sedadiel s voľným pľacom pod pódiom. Vhodná pre usporiadanie firemných večierkou a menších plesov. ', 200, 2),
	(4, 'sala1B', 'Sála s kapacitou do 70 sedadiel na prízemí divadla dodá vaším stretnutiam tú pravú komornú atmosféru. Vhodná najmä na usporiadanie prednášok alebo seminárov. Sála ma k dispozícii dataprojektor a všetko zvukové vybavenie', 70, 1);
/*!40000 ALTER TABLE `hall` ENABLE KEYS */;

-- Dumping structure for table divadlo.hall_type
CREATE TABLE IF NOT EXISTS `hall_type` (
  `idHallType` int(11) NOT NULL AUTO_INCREMENT,
  `name` varchar(50) NOT NULL,
  PRIMARY KEY (`idHallType`)
) ENGINE=InnoDB AUTO_INCREMENT=4 DEFAULT CHARSET=utf8mb4;

-- Dumping data for table divadlo.hall_type: ~3 rows (approximately)
/*!40000 ALTER TABLE `hall_type` DISABLE KEYS */;
INSERT INTO `hall_type` (`idHallType`, `name`) VALUES
	(1, 'Štúdio'),
	(2, 'Opera'),
	(3, 'Činohra');
/*!40000 ALTER TABLE `hall_type` ENABLE KEYS */;

-- Dumping structure for table divadlo.play
CREATE TABLE IF NOT EXISTS `play` (
  `idPlay` int(10) NOT NULL AUTO_INCREMENT,
  `author` varchar(50) NOT NULL,
  `name` varchar(50) NOT NULL,
  `duration` smallint(6) NOT NULL DEFAULT 0,
  `description` text DEFAULT NULL,
  `image` varchar(200) DEFAULT NULL,
  PRIMARY KEY (`idPlay`)
) ENGINE=InnoDB AUTO_INCREMENT=102 DEFAULT CHARSET=utf8mb4;

-- Dumping data for table divadlo.play: ~3 rows (approximately)
/*!40000 ALTER TABLE `play` DISABLE KEYS */;
INSERT INTO `play` (`idPlay`, `author`, `name`, `duration`, `description`, `image`) VALUES
	(98, 'William Shakespeare', 'Hamlet', 180, 'Hoci od premiéry Shakespearovej tragédie Hamlet uplynulo už vyše štyristo rokov, ešte stále jej patrí vznešené označenie „hra hier“. Okrem témy vojen, politických vrážd, odpočúvania a sledovania prináša Hamlet pocit, že nám čas uniká pomedzi prsty a naše životy sa strácajú vo večnom zabudnutí. V tejto hre je zakliata relativita času a ustavičná premena, ktorá môže priniesť zmenu k lepšiemu aj k horšiemu. Ku ktorému pólu v tomto procese teraz smerujeme my? Na to nám Hamlet nedáva nijakú odpoveď. Aj preto je táto hra vzrušujúca.', '3et9h80qro.jpg'),
	(99, 'Piotr Iľjič Čajkovskij', 'Labutie jazero', 150, 'Labutie jazero  je rozhodne najznámejším titulom baletného repertoáru. Romantický príbeh princa Siegfrieda a krásnej princeznej Odetty zakliatej do podoby labute predstavuje základný kameň klasickej ruskej baletnej školy a už takmer stotridsať rokov patrí k najúspešnejším titulom svetových divadiel.', '640zu5vsih.jpg'),
	(100, 'Georges Bizet', 'Carmen', 180, 'Kde tkvie rozdiel medzi romantickým a realistickým príbehom? Na túto otázku akoby sa nás pýtal Georges Bizet prostredníctvom opery Carmen. Dielo francúzskeho romantizmu nám totiž popri obrazoch ľúbosti predkladá celkom bežný život úplne obyčajných ľudí, a to vo farbách, ktoré neraz pripomínajú realistické obrazy majstrov štetca, tak trochu unavených éterickým jazykom romantizmu. Ako to teda je? Čo nám vraví príbeh mladého dôstojníka Dona Josého, ktorý sa nechá očariť krásnou cigánkou Carmen, zabudne na svoju milú Micaëlu, na svoju dôstojnícku česť i sám sa seba – dezertuje a spolu s pašerákmi sa po boku tmavej krásavice vydá do hôr? Romantický hudobný jazyk Georgesa Bizeta sa tu totiž snúbi s príbehom až znepokojujúco reálnym. Je láska Dona Josého ku Carmen romantická? Určite nie – pretože to nie je obohacujúca láska, ale čistá vášeň, ktorá Dona Josého okráda o dušu a o česť. A tak vzniká zvláštny, provokujúci kontrast romanticko-neromantického príbehu, ktorý je tak nesmierne príťažlivý, že sa k nemu vraciame stále znova a znova. A celkom iste nie je náhodou, že Bizetova Carmen v nás tak trochu evokuje odkazy na najlepšie diela talianskeho operného realizmu – verizmu (od slova „vero“ – „pravda“).', '766s72buey.jpg');
/*!40000 ALTER TABLE `play` ENABLE KEYS */;

-- Dumping structure for table divadlo.rent
CREATE TABLE IF NOT EXISTS `rent` (
  `idRent` int(11) NOT NULL AUTO_INCREMENT,
  `idCustomer` int(11) DEFAULT NULL,
  `rentStatus` int(11) DEFAULT NULL,
  `description` tinytext DEFAULT NULL,
  `price` double DEFAULT NULL,
  PRIMARY KEY (`idRent`),
  KEY `FK2_rent_customer` (`idCustomer`),
  KEY `FK3_rent_rent_status` (`rentStatus`),
  CONSTRAINT `FK2_rent_customer` FOREIGN KEY (`idCustomer`) REFERENCES `customer` (`idCustomer`),
  CONSTRAINT `FK3_rent_rent_status` FOREIGN KEY (`rentStatus`) REFERENCES `rent_status` (`idStatus`)
) ENGINE=InnoDB AUTO_INCREMENT=6 DEFAULT CHARSET=utf8mb4;

-- Dumping data for table divadlo.rent: ~2 rows (approximately)
/*!40000 ALTER TABLE `rent` DISABLE KEYS */;
INSERT INTO `rent` (`idRent`, `idCustomer`, `rentStatus`, `description`, `price`) VALUES
	(1, 78, 2, 'Prosíme o prenájom sály na účel prezentácie na tému : Zmysel života organizovanú spoločnosťou XYZ. ', 26676),
	(2, 86, 2, 'prosím o prenájom priestoru pre firmený večierok', 288),
	(3, 91, 3, 'mam zaujem', 144),
	(4, 98, 1, 'test', 144),
	(5, 99, 1, 'test2', 270);
/*!40000 ALTER TABLE `rent` ENABLE KEYS */;

-- Dumping structure for table divadlo.rent_status
CREATE TABLE IF NOT EXISTS `rent_status` (
  `idStatus` int(11) NOT NULL,
  `name` varchar(50) DEFAULT NULL,
  PRIMARY KEY (`idStatus`)
) ENGINE=InnoDB DEFAULT CHARSET=utf8mb4;

-- Dumping data for table divadlo.rent_status: ~2 rows (approximately)
/*!40000 ALTER TABLE `rent_status` DISABLE KEYS */;
INSERT INTO `rent_status` (`idStatus`, `name`) VALUES
	(1, 'čakajúca na vyhodnotenie'),
	(2, 'schválená'),
	(3, 'zamietnutá');
/*!40000 ALTER TABLE `rent_status` ENABLE KEYS */;

-- Dumping structure for table divadlo.seat
CREATE TABLE IF NOT EXISTS `seat` (
  `idSeat` int(11) NOT NULL AUTO_INCREMENT,
  `row` int(11) NOT NULL,
  `idHall` int(11) NOT NULL,
  `column` int(11) NOT NULL,
  `seatType` int(11) NOT NULL,
  PRIMARY KEY (`idSeat`),
  KEY `FK1_hall_seat` (`idHall`),
  KEY `FK2_seat_seat_type` (`seatType`),
  CONSTRAINT `FK1_hall_seat` FOREIGN KEY (`idHall`) REFERENCES `hall` (`idHall`),
  CONSTRAINT `FK2_seat_seat_type` FOREIGN KEY (`seatType`) REFERENCES `seat_type` (`idSeatType`)
) ENGINE=InnoDB AUTO_INCREMENT=471 DEFAULT CHARSET=utf8mb4;

-- Dumping data for table divadlo.seat: ~470 rows (approximately)
/*!40000 ALTER TABLE `seat` DISABLE KEYS */;
INSERT INTO `seat` (`idSeat`, `row`, `idHall`, `column`, `seatType`) VALUES
	(1, 1, 1, 1, 1),
	(2, 1, 1, 2, 1),
	(3, 1, 1, 3, 1),
	(4, 1, 1, 4, 1),
	(5, 1, 1, 5, 1),
	(6, 1, 1, 6, 1),
	(7, 1, 1, 7, 1),
	(8, 1, 1, 8, 1),
	(9, 1, 1, 9, 1),
	(10, 1, 1, 10, 1),
	(11, 1, 1, 11, 1),
	(12, 1, 1, 12, 1),
	(13, 1, 1, 13, 1),
	(14, 1, 1, 14, 1),
	(15, 1, 1, 15, 1),
	(16, 2, 1, 16, 1),
	(17, 2, 1, 17, 1),
	(18, 2, 1, 18, 1),
	(19, 2, 1, 19, 1),
	(20, 2, 1, 20, 1),
	(21, 2, 1, 21, 1),
	(22, 2, 1, 22, 1),
	(23, 2, 1, 23, 1),
	(24, 2, 1, 24, 1),
	(25, 2, 1, 25, 1),
	(26, 2, 1, 26, 1),
	(27, 2, 1, 27, 1),
	(28, 2, 1, 28, 1),
	(29, 2, 1, 29, 1),
	(30, 2, 1, 30, 1),
	(31, 3, 1, 31, 1),
	(32, 3, 1, 32, 1),
	(33, 3, 1, 33, 1),
	(34, 3, 1, 34, 1),
	(35, 3, 1, 35, 1),
	(36, 3, 1, 36, 1),
	(37, 3, 1, 37, 1),
	(38, 3, 1, 38, 1),
	(39, 3, 1, 39, 1),
	(40, 3, 1, 40, 1),
	(41, 3, 1, 41, 1),
	(42, 3, 1, 42, 1),
	(43, 3, 1, 43, 1),
	(44, 4, 1, 44, 2),
	(45, 4, 1, 45, 2),
	(46, 4, 1, 46, 2),
	(47, 4, 1, 47, 2),
	(48, 4, 1, 48, 2),
	(49, 4, 1, 49, 2),
	(50, 4, 1, 50, 2),
	(51, 4, 1, 51, 2),
	(52, 4, 1, 52, 2),
	(53, 4, 1, 53, 2),
	(54, 4, 1, 54, 2),
	(55, 4, 1, 55, 2),
	(56, 4, 1, 56, 2),
	(57, 5, 1, 57, 2),
	(58, 5, 1, 58, 2),
	(59, 5, 1, 59, 2),
	(60, 5, 1, 60, 2),
	(61, 5, 1, 61, 2),
	(62, 5, 1, 62, 2),
	(63, 5, 1, 63, 2),
	(64, 5, 1, 64, 2),
	(65, 5, 1, 65, 2),
	(66, 5, 1, 66, 2),
	(67, 5, 1, 67, 2),
	(68, 6, 1, 68, 2),
	(69, 6, 1, 69, 2),
	(70, 6, 1, 70, 2),
	(71, 6, 1, 71, 2),
	(72, 6, 1, 72, 2),
	(73, 6, 1, 73, 2),
	(74, 6, 1, 74, 2),
	(75, 6, 1, 75, 2),
	(76, 6, 1, 76, 2),
	(77, 6, 1, 77, 2),
	(78, 6, 1, 78, 2),
	(79, 6, 1, 79, 2),
	(80, 6, 1, 80, 2),
	(81, 7, 1, 81, 2),
	(82, 7, 1, 82, 2),
	(83, 7, 1, 83, 3),
	(84, 7, 1, 84, 3),
	(85, 7, 1, 85, 3),
	(86, 7, 1, 86, 3),
	(87, 7, 1, 87, 3),
	(88, 7, 1, 88, 3),
	(89, 7, 1, 89, 3),
	(90, 7, 1, 90, 3),
	(91, 7, 1, 91, 3),
	(92, 7, 1, 92, 3),
	(93, 7, 1, 93, 3),
	(94, 8, 1, 94, 3),
	(95, 8, 1, 95, 3),
	(96, 8, 1, 96, 3),
	(97, 8, 1, 97, 3),
	(98, 8, 1, 98, 3),
	(99, 8, 1, 99, 3),
	(100, 8, 1, 100, 3),
	(101, 8, 1, 101, 3),
	(102, 8, 1, 102, 3),
	(103, 8, 1, 103, 3),
	(104, 8, 1, 104, 3),
	(105, 8, 1, 105, 3),
	(106, 8, 1, 106, 3),
	(107, 8, 1, 107, 3),
	(108, 8, 1, 108, 3),
	(109, 9, 1, 109, 3),
	(110, 9, 1, 110, 3),
	(111, 9, 1, 111, 3),
	(112, 9, 1, 112, 3),
	(113, 9, 1, 113, 3),
	(114, 9, 1, 114, 3),
	(115, 9, 1, 115, 3),
	(116, 9, 1, 116, 3),
	(117, 9, 1, 117, 3),
	(118, 9, 1, 118, 3),
	(119, 9, 1, 119, 3),
	(120, 9, 1, 120, 3),
	(121, 9, 1, 121, 3),
	(122, 9, 1, 122, 3),
	(123, 9, 1, 123, 3),
	(124, 9, 1, 124, 3),
	(125, 10, 1, 125, 3),
	(126, 10, 1, 126, 3),
	(127, 10, 1, 127, 3),
	(128, 10, 1, 128, 3),
	(129, 10, 1, 129, 3),
	(130, 10, 1, 130, 3),
	(131, 10, 1, 131, 3),
	(132, 10, 1, 132, 3),
	(133, 10, 1, 133, 3),
	(134, 10, 1, 134, 3),
	(135, 10, 1, 135, 3),
	(136, 10, 1, 136, 3),
	(137, 10, 1, 137, 3),
	(138, 10, 1, 138, 3),
	(139, 10, 1, 139, 3),
	(140, 10, 1, 140, 3),
	(141, 1, 2, 1, 1),
	(142, 1, 2, 2, 1),
	(143, 1, 2, 3, 1),
	(144, 1, 2, 4, 1),
	(145, 1, 2, 5, 1),
	(146, 1, 2, 6, 1),
	(147, 1, 2, 7, 1),
	(148, 1, 2, 8, 1),
	(149, 1, 2, 9, 1),
	(150, 1, 2, 10, 1),
	(151, 1, 2, 11, 1),
	(152, 1, 2, 12, 1),
	(153, 1, 2, 13, 1),
	(154, 1, 2, 14, 1),
	(155, 1, 2, 15, 1),
	(156, 2, 2, 16, 1),
	(157, 2, 2, 17, 1),
	(158, 2, 2, 18, 1),
	(159, 2, 2, 19, 1),
	(160, 2, 2, 20, 1),
	(161, 2, 2, 21, 1),
	(162, 2, 2, 22, 1),
	(163, 2, 2, 23, 1),
	(164, 2, 2, 24, 1),
	(165, 2, 2, 25, 2),
	(166, 2, 2, 26, 2),
	(167, 2, 2, 27, 2),
	(168, 2, 2, 28, 2),
	(169, 2, 2, 29, 2),
	(170, 3, 2, 30, 2),
	(171, 3, 2, 31, 2),
	(172, 3, 2, 32, 2),
	(173, 3, 2, 33, 2),
	(174, 3, 2, 34, 2),
	(175, 3, 2, 35, 2),
	(176, 3, 2, 36, 2),
	(177, 3, 2, 37, 2),
	(178, 3, 2, 38, 2),
	(179, 3, 2, 39, 2),
	(180, 3, 2, 40, 2),
	(181, 3, 2, 41, 2),
	(182, 3, 2, 42, 2),
	(183, 3, 2, 43, 2),
	(184, 3, 2, 44, 2),
	(185, 4, 2, 45, 3),
	(186, 4, 2, 46, 3),
	(187, 4, 2, 47, 3),
	(188, 4, 2, 48, 3),
	(189, 4, 2, 49, 3),
	(190, 4, 2, 50, 3),
	(191, 4, 2, 51, 3),
	(192, 4, 2, 52, 3),
	(193, 4, 2, 53, 3),
	(194, 4, 2, 54, 3),
	(195, 4, 2, 55, 3),
	(196, 4, 2, 56, 3),
	(197, 4, 2, 57, 3),
	(198, 4, 2, 58, 3),
	(199, 4, 2, 59, 3),
	(200, 4, 2, 60, 3),
	(201, 1, 3, 1, 1),
	(202, 1, 3, 2, 1),
	(203, 1, 3, 3, 1),
	(204, 1, 3, 4, 1),
	(205, 1, 3, 5, 1),
	(206, 1, 3, 6, 1),
	(207, 1, 3, 7, 1),
	(208, 1, 3, 8, 1),
	(209, 1, 3, 9, 1),
	(210, 1, 3, 10, 1),
	(211, 1, 3, 11, 1),
	(212, 1, 3, 12, 1),
	(213, 1, 3, 13, 1),
	(214, 1, 3, 14, 1),
	(215, 1, 3, 15, 1),
	(216, 2, 3, 16, 1),
	(217, 2, 3, 17, 1),
	(218, 2, 3, 18, 1),
	(219, 2, 3, 19, 1),
	(220, 2, 3, 20, 1),
	(221, 2, 3, 21, 1),
	(222, 2, 3, 22, 1),
	(223, 2, 3, 23, 1),
	(224, 2, 3, 24, 1),
	(225, 2, 3, 25, 1),
	(226, 2, 3, 26, 1),
	(227, 2, 3, 27, 1),
	(228, 2, 3, 28, 1),
	(229, 2, 3, 29, 1),
	(230, 2, 3, 30, 1),
	(231, 2, 3, 31, 1),
	(232, 3, 3, 32, 1),
	(233, 3, 3, 33, 1),
	(234, 3, 3, 34, 1),
	(235, 3, 3, 35, 1),
	(236, 3, 3, 36, 1),
	(237, 3, 3, 37, 1),
	(238, 3, 3, 38, 1),
	(239, 3, 3, 39, 1),
	(240, 3, 3, 40, 1),
	(241, 3, 3, 41, 1),
	(242, 3, 3, 42, 1),
	(243, 3, 3, 43, 1),
	(244, 3, 3, 44, 1),
	(245, 3, 3, 45, 1),
	(246, 3, 3, 46, 1),
	(247, 4, 3, 47, 1),
	(248, 4, 3, 48, 1),
	(249, 4, 3, 49, 1),
	(250, 4, 3, 50, 1),
	(251, 4, 3, 51, 1),
	(252, 4, 3, 52, 2),
	(253, 4, 3, 53, 2),
	(254, 4, 3, 54, 2),
	(255, 4, 3, 55, 2),
	(256, 4, 3, 56, 2),
	(257, 4, 3, 57, 2),
	(258, 4, 3, 58, 2),
	(259, 4, 3, 59, 2),
	(260, 4, 3, 60, 2),
	(261, 4, 3, 61, 2),
	(262, 5, 3, 62, 2),
	(263, 5, 3, 63, 2),
	(264, 5, 3, 64, 2),
	(265, 5, 3, 65, 2),
	(266, 5, 3, 66, 2),
	(267, 5, 3, 67, 2),
	(268, 5, 3, 68, 2),
	(269, 5, 3, 69, 2),
	(270, 5, 3, 70, 2),
	(271, 5, 3, 71, 2),
	(272, 5, 3, 72, 2),
	(273, 5, 3, 73, 2),
	(274, 5, 3, 74, 2),
	(275, 5, 3, 75, 2),
	(276, 5, 3, 76, 2),
	(277, 6, 3, 77, 2),
	(278, 6, 3, 78, 2),
	(279, 6, 3, 79, 2),
	(280, 6, 3, 80, 2),
	(281, 6, 3, 81, 2),
	(282, 6, 3, 82, 2),
	(283, 6, 3, 83, 2),
	(284, 6, 3, 84, 2),
	(285, 6, 3, 85, 2),
	(286, 6, 3, 86, 2),
	(287, 6, 3, 87, 2),
	(288, 6, 3, 88, 2),
	(289, 6, 3, 89, 2),
	(290, 7, 3, 90, 2),
	(291, 7, 3, 91, 2),
	(292, 7, 3, 92, 2),
	(293, 7, 3, 93, 2),
	(294, 7, 3, 94, 2),
	(295, 7, 3, 95, 2),
	(296, 7, 3, 96, 2),
	(297, 7, 3, 97, 2),
	(298, 7, 3, 98, 2),
	(299, 7, 3, 99, 2),
	(300, 7, 3, 100, 2),
	(301, 7, 3, 101, 2),
	(302, 7, 3, 102, 2),
	(303, 8, 3, 103, 2),
	(304, 8, 3, 104, 2),
	(305, 8, 3, 105, 2),
	(306, 8, 3, 106, 3),
	(307, 8, 3, 107, 3),
	(308, 8, 3, 108, 3),
	(309, 8, 3, 109, 3),
	(310, 8, 3, 110, 3),
	(311, 8, 3, 111, 3),
	(312, 8, 3, 112, 3),
	(313, 8, 3, 113, 3),
	(314, 8, 3, 114, 3),
	(315, 8, 3, 115, 3),
	(316, 9, 3, 116, 3),
	(317, 9, 3, 117, 3),
	(318, 9, 3, 118, 3),
	(319, 9, 3, 119, 3),
	(320, 9, 3, 120, 3),
	(321, 9, 3, 121, 3),
	(322, 9, 3, 122, 3),
	(323, 9, 3, 123, 3),
	(324, 9, 3, 124, 3),
	(325, 9, 3, 125, 3),
	(326, 9, 3, 126, 3),
	(327, 9, 3, 127, 3),
	(328, 9, 3, 128, 3),
	(329, 10, 3, 129, 3),
	(330, 10, 3, 130, 3),
	(331, 10, 3, 131, 3),
	(332, 10, 3, 132, 3),
	(333, 10, 3, 133, 3),
	(334, 10, 3, 134, 3),
	(335, 10, 3, 135, 3),
	(336, 10, 3, 136, 3),
	(337, 10, 3, 137, 3),
	(338, 10, 3, 138, 3),
	(339, 10, 3, 139, 3),
	(340, 10, 3, 140, 3),
	(341, 10, 3, 141, 3),
	(342, 10, 3, 142, 3),
	(343, 10, 3, 143, 3),
	(344, 10, 3, 144, 3),
	(345, 11, 3, 145, 3),
	(346, 11, 3, 146, 3),
	(347, 11, 3, 147, 3),
	(348, 11, 3, 148, 3),
	(349, 11, 3, 149, 3),
	(350, 11, 3, 150, 3),
	(351, 11, 3, 151, 3),
	(352, 11, 3, 152, 3),
	(353, 11, 3, 153, 3),
	(354, 11, 3, 154, 3),
	(355, 11, 3, 155, 3),
	(356, 11, 3, 156, 3),
	(357, 11, 3, 157, 3),
	(358, 11, 3, 158, 3),
	(359, 11, 3, 159, 3),
	(360, 12, 3, 160, 3),
	(361, 12, 3, 161, 3),
	(362, 12, 3, 162, 3),
	(363, 12, 3, 163, 3),
	(364, 12, 3, 164, 3),
	(365, 12, 3, 165, 3),
	(366, 12, 3, 166, 3),
	(367, 12, 3, 167, 3),
	(368, 12, 3, 168, 3),
	(369, 12, 3, 169, 3),
	(370, 12, 3, 170, 3),
	(371, 12, 3, 171, 3),
	(372, 12, 3, 172, 3),
	(373, 12, 3, 173, 3),
	(374, 12, 3, 174, 3),
	(375, 13, 3, 175, 3),
	(376, 13, 3, 176, 3),
	(377, 13, 3, 177, 3),
	(378, 13, 3, 178, 3),
	(379, 13, 3, 179, 3),
	(380, 13, 3, 180, 3),
	(381, 13, 3, 181, 3),
	(382, 13, 3, 182, 3),
	(383, 13, 3, 183, 3),
	(384, 13, 3, 184, 3),
	(385, 13, 3, 185, 3),
	(386, 13, 3, 186, 3),
	(387, 13, 3, 187, 3),
	(388, 13, 3, 188, 3),
	(389, 13, 3, 189, 3),
	(390, 14, 3, 190, 3),
	(391, 14, 3, 191, 3),
	(392, 14, 3, 192, 3),
	(393, 14, 3, 193, 3),
	(394, 14, 3, 194, 3),
	(395, 14, 3, 195, 3),
	(396, 14, 3, 196, 3),
	(397, 14, 3, 197, 3),
	(398, 14, 3, 198, 3),
	(399, 14, 3, 199, 3),
	(400, 14, 3, 200, 3),
	(401, 1, 4, 1, 1),
	(402, 1, 4, 2, 1),
	(403, 1, 4, 3, 1),
	(404, 1, 4, 4, 1),
	(405, 1, 4, 5, 1),
	(406, 1, 4, 6, 1),
	(407, 1, 4, 7, 1),
	(408, 1, 4, 8, 1),
	(409, 1, 4, 9, 1),
	(410, 1, 4, 10, 1),
	(411, 1, 4, 11, 1),
	(412, 1, 4, 12, 1),
	(413, 1, 4, 13, 1),
	(414, 1, 4, 14, 1),
	(415, 1, 4, 15, 1),
	(416, 1, 4, 16, 1),
	(417, 1, 4, 17, 1),
	(418, 1, 4, 18, 1),
	(419, 2, 4, 19, 2),
	(420, 2, 4, 20, 2),
	(421, 2, 4, 21, 2),
	(422, 2, 4, 22, 2),
	(423, 2, 4, 23, 2),
	(424, 2, 4, 24, 2),
	(425, 2, 4, 25, 2),
	(426, 2, 4, 26, 2),
	(427, 2, 4, 27, 2),
	(428, 2, 4, 28, 2),
	(429, 2, 4, 29, 2),
	(430, 2, 4, 30, 2),
	(431, 2, 4, 31, 2),
	(432, 2, 4, 32, 2),
	(433, 2, 4, 33, 2),
	(434, 2, 4, 34, 2),
	(435, 2, 4, 35, 2),
	(436, 2, 4, 36, 2),
	(437, 3, 4, 37, 2),
	(438, 3, 4, 38, 2),
	(439, 3, 4, 39, 2),
	(440, 3, 4, 40, 2),
	(441, 3, 4, 41, 2),
	(442, 3, 4, 42, 2),
	(443, 3, 4, 43, 2),
	(444, 3, 4, 44, 2),
	(445, 3, 4, 45, 2),
	(446, 3, 4, 46, 2),
	(447, 3, 4, 47, 2),
	(448, 3, 4, 48, 2),
	(449, 3, 4, 49, 2),
	(450, 3, 4, 50, 2),
	(451, 3, 4, 51, 2),
	(452, 3, 4, 52, 2),
	(453, 4, 4, 53, 3),
	(454, 4, 4, 54, 3),
	(455, 4, 4, 55, 3),
	(456, 4, 4, 56, 3),
	(457, 4, 4, 57, 3),
	(458, 4, 4, 58, 3),
	(459, 4, 4, 59, 3),
	(460, 4, 4, 60, 3),
	(461, 4, 4, 61, 3),
	(462, 4, 4, 62, 3),
	(463, 4, 4, 63, 3),
	(464, 4, 4, 64, 3),
	(465, 4, 4, 65, 3),
	(466, 4, 4, 66, 3),
	(467, 4, 4, 67, 3),
	(468, 4, 4, 68, 3),
	(469, 4, 4, 69, 3),
	(470, 4, 4, 70, 3);
/*!40000 ALTER TABLE `seat` ENABLE KEYS */;

-- Dumping structure for table divadlo.seat_type
CREATE TABLE IF NOT EXISTS `seat_type` (
  `idSeatType` int(11) NOT NULL AUTO_INCREMENT,
  `category` varchar(50) DEFAULT NULL,
  PRIMARY KEY (`idSeatType`)
) ENGINE=InnoDB AUTO_INCREMENT=5 DEFAULT CHARSET=utf8mb4;

-- Dumping data for table divadlo.seat_type: ~4 rows (approximately)
/*!40000 ALTER TABLE `seat_type` DISABLE KEYS */;
INSERT INTO `seat_type` (`idSeatType`, `category`) VALUES
	(1, '1. kategória'),
	(2, '2. kategória'),
	(3, '3. kategória'),
	(4, '4. kategória');
/*!40000 ALTER TABLE `seat_type` ENABLE KEYS */;

-- Dumping structure for table divadlo.show
CREATE TABLE IF NOT EXISTS `show` (
  `idShow` int(10) NOT NULL AUTO_INCREMENT,
  `idPlay` int(11) NOT NULL,
  `showType` int(11) DEFAULT NULL,
  PRIMARY KEY (`idShow`),
  KEY `FK1_show_show_type` (`showType`),
  KEY `FK_show_play` (`idPlay`),
  CONSTRAINT `FK1_show_show_type` FOREIGN KEY (`showType`) REFERENCES `show_type` (`idShowType`),
  CONSTRAINT `FK_show_play` FOREIGN KEY (`idPlay`) REFERENCES `play` (`idPlay`)
) ENGINE=InnoDB AUTO_INCREMENT=83 DEFAULT CHARSET=utf8mb4;

-- Dumping data for table divadlo.show: ~10 rows (approximately)
/*!40000 ALTER TABLE `show` DISABLE KEYS */;
INSERT INTO `show` (`idShow`, `idPlay`, `showType`) VALUES
	(51, 98, 1),
	(55, 98, 2),
	(57, 100, 2),
	(59, 98, 2),
	(60, 99, 2),
	(61, 98, 2),
	(66, 100, 1),
	(67, 99, 2),
	(78, 98, 1),
	(79, 98, 2),
	(80, 99, 2),
	(81, 100, 2);
/*!40000 ALTER TABLE `show` ENABLE KEYS */;

-- Dumping structure for table divadlo.show_type
CREATE TABLE IF NOT EXISTS `show_type` (
  `idShowType` int(11) NOT NULL,
  `name` varchar(50) DEFAULT NULL,
  PRIMARY KEY (`idShowType`)
) ENGINE=InnoDB DEFAULT CHARSET=utf8mb4;

-- Dumping data for table divadlo.show_type: ~2 rows (approximately)
/*!40000 ALTER TABLE `show_type` DISABLE KEYS */;
INSERT INTO `show_type` (`idShowType`, `name`) VALUES
	(1, 'Premiéra'),
	(2, 'Repríza'),
	(3, 'Derniéra');
/*!40000 ALTER TABLE `show_type` ENABLE KEYS */;

-- Dumping structure for table divadlo.ticket
CREATE TABLE IF NOT EXISTS `ticket` (
  `idTicket` int(11) NOT NULL AUTO_INCREMENT,
  `idSeat` int(11) NOT NULL,
  `idShow` int(11) NOT NULL,
  `price` double NOT NULL,
  PRIMARY KEY (`idTicket`),
  KEY `FK1_ticket_seat` (`idSeat`),
  KEY `FK_ticket_show` (`idShow`),
  CONSTRAINT `FK1_ticket_seat` FOREIGN KEY (`idSeat`) REFERENCES `seat` (`idSeat`),
  CONSTRAINT `FK_ticket_show` FOREIGN KEY (`idShow`) REFERENCES `show` (`idShow`)
) ENGINE=InnoDB AUTO_INCREMENT=3481 DEFAULT CHARSET=utf8mb4;

-- Dumping data for table divadlo.ticket: ~1,437 rows (approximately)
/*!40000 ALTER TABLE `ticket` DISABLE KEYS */;
INSERT INTO `ticket` (`idTicket`, `idSeat`, `idShow`, `price`) VALUES
	(681, 1, 51, 20.16),
	(682, 2, 51, 20.16),
	(683, 3, 51, 20.16),
	(684, 4, 51, 20.16),
	(685, 5, 51, 20.16),
	(686, 6, 51, 20.16),
	(687, 7, 51, 20.16),
	(688, 8, 51, 20.16),
	(689, 9, 51, 20.16),
	(690, 10, 51, 20.16),
	(691, 11, 51, 20.16),
	(692, 12, 51, 20.16),
	(693, 13, 51, 20.16),
	(694, 14, 51, 20.16),
	(695, 15, 51, 20.16),
	(696, 16, 51, 20.16),
	(697, 17, 51, 20.16),
	(698, 18, 51, 20.16),
	(699, 19, 51, 20.16),
	(700, 20, 51, 20.16),
	(701, 21, 51, 20.16),
	(702, 22, 51, 20.16),
	(703, 23, 51, 20.16),
	(704, 24, 51, 20.16),
	(705, 25, 51, 20.16),
	(706, 26, 51, 20.16),
	(707, 27, 51, 20.16),
	(708, 28, 51, 20.16),
	(709, 29, 51, 20.16),
	(710, 30, 51, 20.16),
	(711, 31, 51, 20.16),
	(712, 32, 51, 20.16),
	(713, 33, 51, 20.16),
	(714, 34, 51, 20.16),
	(715, 35, 51, 20.16),
	(716, 36, 51, 20.16),
	(717, 37, 51, 20.16),
	(718, 38, 51, 20.16),
	(719, 39, 51, 20.16),
	(720, 40, 51, 20.16),
	(721, 41, 51, 20.16),
	(722, 42, 51, 20.16),
	(723, 43, 51, 20.16),
	(724, 44, 51, 18.48),
	(725, 45, 51, 18.48),
	(726, 46, 51, 18.48),
	(727, 47, 51, 18.48),
	(728, 48, 51, 18.48),
	(729, 49, 51, 18.48),
	(730, 50, 51, 18.48),
	(731, 51, 51, 18.48),
	(732, 52, 51, 18.48),
	(733, 53, 51, 18.48),
	(734, 54, 51, 18.48),
	(735, 55, 51, 18.48),
	(736, 56, 51, 18.48),
	(737, 57, 51, 18.48),
	(738, 58, 51, 18.48),
	(739, 59, 51, 18.48),
	(740, 60, 51, 18.48),
	(741, 61, 51, 18.48),
	(742, 62, 51, 18.48),
	(743, 63, 51, 18.48),
	(744, 64, 51, 18.48),
	(745, 65, 51, 18.48),
	(746, 66, 51, 18.48),
	(747, 67, 51, 18.48),
	(748, 68, 51, 18.48),
	(749, 69, 51, 18.48),
	(750, 70, 51, 18.48),
	(751, 71, 51, 18.48),
	(752, 72, 51, 18.48),
	(753, 73, 51, 18.48),
	(754, 74, 51, 18.48),
	(755, 75, 51, 18.48),
	(756, 76, 51, 18.48),
	(757, 77, 51, 18.48),
	(758, 78, 51, 18.48),
	(759, 79, 51, 18.48),
	(760, 80, 51, 18.48),
	(761, 81, 51, 18.48),
	(762, 82, 51, 18.48),
	(763, 83, 51, 16.8),
	(764, 84, 51, 16.8),
	(765, 85, 51, 16.8),
	(766, 86, 51, 16.8),
	(767, 87, 51, 16.8),
	(768, 88, 51, 16.8),
	(769, 89, 51, 16.8),
	(770, 90, 51, 16.8),
	(771, 91, 51, 16.8),
	(772, 92, 51, 16.8),
	(773, 93, 51, 16.8),
	(774, 94, 51, 16.8),
	(775, 95, 51, 16.8),
	(776, 96, 51, 16.8),
	(777, 97, 51, 16.8),
	(778, 98, 51, 16.8),
	(779, 99, 51, 16.8),
	(780, 100, 51, 16.8),
	(781, 101, 51, 16.8),
	(782, 102, 51, 16.8),
	(783, 103, 51, 16.8),
	(784, 104, 51, 16.8),
	(785, 105, 51, 16.8),
	(786, 106, 51, 16.8),
	(787, 107, 51, 16.8),
	(788, 108, 51, 16.8),
	(789, 109, 51, 16.8),
	(790, 110, 51, 16.8),
	(791, 111, 51, 16.8),
	(792, 112, 51, 16.8),
	(793, 113, 51, 16.8),
	(794, 114, 51, 16.8),
	(795, 115, 51, 16.8),
	(796, 116, 51, 16.8),
	(797, 117, 51, 16.8),
	(798, 118, 51, 16.8),
	(799, 119, 51, 16.8),
	(800, 120, 51, 16.8),
	(801, 121, 51, 16.8),
	(802, 122, 51, 16.8),
	(803, 123, 51, 16.8),
	(804, 124, 51, 16.8),
	(805, 125, 51, 16.8),
	(806, 126, 51, 16.8),
	(807, 127, 51, 16.8),
	(808, 128, 51, 16.8),
	(809, 129, 51, 16.8),
	(810, 130, 51, 16.8),
	(811, 131, 51, 16.8),
	(812, 132, 51, 16.8),
	(813, 133, 51, 16.8),
	(814, 134, 51, 16.8),
	(815, 135, 51, 16.8),
	(816, 136, 51, 16.8),
	(817, 137, 51, 16.8),
	(818, 138, 51, 16.8),
	(819, 139, 51, 16.8),
	(820, 140, 51, 16.8),
	(1291, 141, 55, 14.4),
	(1292, 142, 55, 14.4),
	(1293, 143, 55, 14.4),
	(1294, 144, 55, 14.4),
	(1295, 145, 55, 14.4),
	(1296, 146, 55, 14.4),
	(1297, 147, 55, 14.4),
	(1298, 148, 55, 14.4),
	(1299, 149, 55, 14.4),
	(1300, 150, 55, 14.4),
	(1301, 151, 55, 14.4),
	(1302, 152, 55, 14.4),
	(1303, 153, 55, 14.4),
	(1304, 154, 55, 14.4),
	(1305, 155, 55, 14.4),
	(1306, 156, 55, 14.4),
	(1307, 157, 55, 14.4),
	(1308, 158, 55, 14.4),
	(1309, 159, 55, 14.4),
	(1310, 160, 55, 14.4),
	(1311, 161, 55, 14.4),
	(1312, 162, 55, 14.4),
	(1313, 163, 55, 14.4),
	(1314, 164, 55, 14.4),
	(1315, 165, 55, 13.2),
	(1316, 166, 55, 13.2),
	(1317, 167, 55, 13.2),
	(1318, 168, 55, 13.2),
	(1319, 169, 55, 13.2),
	(1320, 170, 55, 13.2),
	(1321, 171, 55, 13.2),
	(1322, 172, 55, 13.2),
	(1323, 173, 55, 13.2),
	(1324, 174, 55, 13.2),
	(1325, 175, 55, 13.2),
	(1326, 176, 55, 13.2),
	(1327, 177, 55, 13.2),
	(1328, 178, 55, 13.2),
	(1329, 179, 55, 13.2),
	(1330, 180, 55, 13.2),
	(1331, 181, 55, 13.2),
	(1332, 182, 55, 13.2),
	(1333, 183, 55, 13.2),
	(1334, 184, 55, 13.2),
	(1335, 185, 55, 12),
	(1336, 186, 55, 12),
	(1337, 187, 55, 12),
	(1338, 188, 55, 12),
	(1339, 189, 55, 12),
	(1340, 190, 55, 12),
	(1341, 191, 55, 12),
	(1342, 192, 55, 12),
	(1343, 193, 55, 12),
	(1344, 194, 55, 12),
	(1345, 195, 55, 12),
	(1346, 196, 55, 12),
	(1347, 197, 55, 12),
	(1348, 198, 55, 12),
	(1349, 199, 55, 12),
	(1350, 200, 55, 12),
	(1551, 201, 57, 14.4),
	(1552, 202, 57, 14.4),
	(1553, 203, 57, 14.4),
	(1554, 204, 57, 14.4),
	(1555, 205, 57, 14.4),
	(1556, 206, 57, 14.4),
	(1557, 207, 57, 14.4),
	(1558, 208, 57, 14.4),
	(1559, 209, 57, 14.4),
	(1560, 210, 57, 14.4),
	(1561, 211, 57, 14.4),
	(1562, 212, 57, 14.4),
	(1563, 213, 57, 14.4),
	(1564, 214, 57, 14.4),
	(1565, 215, 57, 14.4),
	(1566, 216, 57, 14.4),
	(1567, 217, 57, 14.4),
	(1568, 218, 57, 14.4),
	(1569, 219, 57, 14.4),
	(1570, 220, 57, 14.4),
	(1571, 221, 57, 14.4),
	(1572, 222, 57, 14.4),
	(1573, 223, 57, 14.4),
	(1574, 224, 57, 14.4),
	(1575, 225, 57, 14.4),
	(1576, 226, 57, 14.4),
	(1577, 227, 57, 14.4),
	(1578, 228, 57, 14.4),
	(1579, 229, 57, 14.4),
	(1580, 230, 57, 14.4),
	(1581, 231, 57, 14.4),
	(1582, 232, 57, 14.4),
	(1583, 233, 57, 14.4),
	(1584, 234, 57, 14.4),
	(1585, 235, 57, 14.4),
	(1586, 236, 57, 14.4),
	(1587, 237, 57, 14.4),
	(1588, 238, 57, 14.4),
	(1589, 239, 57, 14.4),
	(1590, 240, 57, 14.4),
	(1591, 241, 57, 14.4),
	(1592, 242, 57, 14.4),
	(1593, 243, 57, 14.4),
	(1594, 244, 57, 14.4),
	(1595, 245, 57, 14.4),
	(1596, 246, 57, 14.4),
	(1597, 247, 57, 14.4),
	(1598, 248, 57, 14.4),
	(1599, 249, 57, 14.4),
	(1600, 250, 57, 14.4),
	(1601, 251, 57, 14.4),
	(1602, 252, 57, 13.2),
	(1603, 253, 57, 13.2),
	(1604, 254, 57, 13.2),
	(1605, 255, 57, 13.2),
	(1606, 256, 57, 13.2),
	(1607, 257, 57, 13.2),
	(1608, 258, 57, 13.2),
	(1609, 259, 57, 13.2),
	(1610, 260, 57, 13.2),
	(1611, 261, 57, 13.2),
	(1612, 262, 57, 13.2),
	(1613, 263, 57, 13.2),
	(1614, 264, 57, 13.2),
	(1615, 265, 57, 13.2),
	(1616, 266, 57, 13.2),
	(1617, 267, 57, 13.2),
	(1618, 268, 57, 13.2),
	(1619, 269, 57, 13.2),
	(1620, 270, 57, 13.2),
	(1621, 271, 57, 13.2),
	(1622, 272, 57, 13.2),
	(1623, 273, 57, 13.2),
	(1624, 274, 57, 13.2),
	(1625, 275, 57, 13.2),
	(1626, 276, 57, 13.2),
	(1627, 277, 57, 13.2),
	(1628, 278, 57, 13.2),
	(1629, 279, 57, 13.2),
	(1630, 280, 57, 13.2),
	(1631, 281, 57, 13.2),
	(1632, 282, 57, 13.2),
	(1633, 283, 57, 13.2),
	(1634, 284, 57, 13.2),
	(1635, 285, 57, 13.2),
	(1636, 286, 57, 13.2),
	(1637, 287, 57, 13.2),
	(1638, 288, 57, 13.2),
	(1639, 289, 57, 13.2),
	(1640, 290, 57, 13.2),
	(1641, 291, 57, 13.2),
	(1642, 292, 57, 13.2),
	(1643, 293, 57, 13.2),
	(1644, 294, 57, 13.2),
	(1645, 295, 57, 13.2),
	(1646, 296, 57, 13.2),
	(1647, 297, 57, 13.2),
	(1648, 298, 57, 13.2),
	(1649, 299, 57, 13.2),
	(1650, 300, 57, 13.2),
	(1651, 301, 57, 13.2),
	(1652, 302, 57, 13.2),
	(1653, 303, 57, 13.2),
	(1654, 304, 57, 13.2),
	(1655, 305, 57, 13.2),
	(1656, 306, 57, 12),
	(1657, 307, 57, 12),
	(1658, 308, 57, 12),
	(1659, 309, 57, 12),
	(1660, 310, 57, 12),
	(1661, 311, 57, 12),
	(1662, 312, 57, 12),
	(1663, 313, 57, 12),
	(1664, 314, 57, 12),
	(1665, 315, 57, 12),
	(1666, 316, 57, 12),
	(1667, 317, 57, 12),
	(1668, 318, 57, 12),
	(1669, 319, 57, 12),
	(1670, 320, 57, 12),
	(1671, 321, 57, 12),
	(1672, 322, 57, 12),
	(1673, 323, 57, 12),
	(1674, 324, 57, 12),
	(1675, 325, 57, 12),
	(1676, 326, 57, 12),
	(1677, 327, 57, 12),
	(1678, 328, 57, 12),
	(1679, 329, 57, 12),
	(1680, 330, 57, 12),
	(1681, 331, 57, 12),
	(1682, 332, 57, 12),
	(1683, 333, 57, 12),
	(1684, 334, 57, 12),
	(1685, 335, 57, 12),
	(1686, 336, 57, 12),
	(1687, 337, 57, 12),
	(1688, 338, 57, 12),
	(1689, 339, 57, 12),
	(1690, 340, 57, 12),
	(1691, 341, 57, 12),
	(1692, 342, 57, 12),
	(1693, 343, 57, 12),
	(1694, 344, 57, 12),
	(1695, 345, 57, 12),
	(1696, 346, 57, 12),
	(1697, 347, 57, 12),
	(1698, 348, 57, 12),
	(1699, 349, 57, 12),
	(1700, 350, 57, 12),
	(1701, 351, 57, 12),
	(1702, 352, 57, 12),
	(1703, 353, 57, 12),
	(1704, 354, 57, 12),
	(1705, 355, 57, 12),
	(1706, 356, 57, 12),
	(1707, 357, 57, 12),
	(1708, 358, 57, 12),
	(1709, 359, 57, 12),
	(1710, 360, 57, 12),
	(1711, 361, 57, 12),
	(1712, 362, 57, 12),
	(1713, 363, 57, 12),
	(1714, 364, 57, 12),
	(1715, 365, 57, 12),
	(1716, 366, 57, 12),
	(1717, 367, 57, 12),
	(1718, 368, 57, 12),
	(1719, 369, 57, 12),
	(1720, 370, 57, 12),
	(1721, 371, 57, 12),
	(1722, 372, 57, 12),
	(1723, 373, 57, 12),
	(1724, 374, 57, 12),
	(1725, 375, 57, 12),
	(1726, 376, 57, 12),
	(1727, 377, 57, 12),
	(1728, 378, 57, 12),
	(1729, 379, 57, 12),
	(1730, 380, 57, 12),
	(1731, 381, 57, 12),
	(1732, 382, 57, 12),
	(1733, 383, 57, 12),
	(1734, 384, 57, 12),
	(1735, 385, 57, 12),
	(1736, 386, 57, 12),
	(1737, 387, 57, 12),
	(1738, 388, 57, 12),
	(1739, 389, 57, 12),
	(1740, 390, 57, 12),
	(1741, 391, 57, 12),
	(1742, 392, 57, 12),
	(1743, 393, 57, 12),
	(1744, 394, 57, 12),
	(1745, 395, 57, 12),
	(1746, 396, 57, 12),
	(1747, 397, 57, 12),
	(1748, 398, 57, 12),
	(1749, 399, 57, 12),
	(1750, 400, 57, 12),
	(1821, 1, 59, 14.4),
	(1822, 2, 59, 14.4),
	(1823, 3, 59, 14.4),
	(1824, 4, 59, 14.4),
	(1825, 5, 59, 14.4),
	(1826, 6, 59, 14.4),
	(1827, 7, 59, 14.4),
	(1828, 8, 59, 14.4),
	(1829, 9, 59, 14.4),
	(1830, 10, 59, 14.4),
	(1831, 11, 59, 14.4),
	(1832, 12, 59, 14.4),
	(1833, 13, 59, 14.4),
	(1834, 14, 59, 14.4),
	(1835, 15, 59, 14.4),
	(1836, 16, 59, 14.4),
	(1837, 17, 59, 14.4),
	(1838, 18, 59, 14.4),
	(1839, 19, 59, 14.4),
	(1840, 20, 59, 14.4),
	(1841, 21, 59, 14.4),
	(1842, 22, 59, 14.4),
	(1843, 23, 59, 14.4),
	(1844, 24, 59, 14.4),
	(1845, 25, 59, 14.4),
	(1846, 26, 59, 14.4),
	(1847, 27, 59, 14.4),
	(1848, 28, 59, 14.4),
	(1849, 29, 59, 14.4),
	(1850, 30, 59, 14.4),
	(1851, 31, 59, 14.4),
	(1852, 32, 59, 14.4),
	(1853, 33, 59, 14.4),
	(1854, 34, 59, 14.4),
	(1855, 35, 59, 14.4),
	(1856, 36, 59, 14.4),
	(1857, 37, 59, 14.4),
	(1858, 38, 59, 14.4),
	(1859, 39, 59, 14.4),
	(1860, 40, 59, 14.4),
	(1861, 41, 59, 14.4),
	(1862, 42, 59, 14.4),
	(1863, 43, 59, 14.4),
	(1864, 44, 59, 13.2),
	(1865, 45, 59, 13.2),
	(1866, 46, 59, 13.2),
	(1867, 47, 59, 13.2),
	(1868, 48, 59, 13.2),
	(1869, 49, 59, 13.2),
	(1870, 50, 59, 13.2),
	(1871, 51, 59, 13.2),
	(1872, 52, 59, 13.2),
	(1873, 53, 59, 13.2),
	(1874, 54, 59, 13.2),
	(1875, 55, 59, 13.2),
	(1876, 56, 59, 13.2),
	(1877, 57, 59, 13.2),
	(1878, 58, 59, 13.2),
	(1879, 59, 59, 13.2),
	(1880, 60, 59, 13.2),
	(1881, 61, 59, 13.2),
	(1882, 62, 59, 13.2),
	(1883, 63, 59, 13.2),
	(1884, 64, 59, 13.2),
	(1885, 65, 59, 13.2),
	(1886, 66, 59, 13.2),
	(1887, 67, 59, 13.2),
	(1888, 68, 59, 13.2),
	(1889, 69, 59, 13.2),
	(1890, 70, 59, 13.2),
	(1891, 71, 59, 13.2),
	(1892, 72, 59, 13.2),
	(1893, 73, 59, 13.2),
	(1894, 74, 59, 13.2),
	(1895, 75, 59, 13.2),
	(1896, 76, 59, 13.2),
	(1897, 77, 59, 13.2),
	(1898, 78, 59, 13.2),
	(1899, 79, 59, 13.2),
	(1900, 80, 59, 13.2),
	(1901, 81, 59, 13.2),
	(1902, 82, 59, 13.2),
	(1903, 83, 59, 12),
	(1904, 84, 59, 12),
	(1905, 85, 59, 12),
	(1906, 86, 59, 12),
	(1907, 87, 59, 12),
	(1908, 88, 59, 12),
	(1909, 89, 59, 12),
	(1910, 90, 59, 12),
	(1911, 91, 59, 12),
	(1912, 92, 59, 12),
	(1913, 93, 59, 12),
	(1914, 94, 59, 12),
	(1915, 95, 59, 12),
	(1916, 96, 59, 12),
	(1917, 97, 59, 12),
	(1918, 98, 59, 12),
	(1919, 99, 59, 12),
	(1920, 100, 59, 12),
	(1921, 101, 59, 12),
	(1922, 102, 59, 12),
	(1923, 103, 59, 12),
	(1924, 104, 59, 12),
	(1925, 105, 59, 12),
	(1926, 106, 59, 12),
	(1927, 107, 59, 12),
	(1928, 108, 59, 12),
	(1929, 109, 59, 12),
	(1930, 110, 59, 12),
	(1931, 111, 59, 12),
	(1932, 112, 59, 12),
	(1933, 113, 59, 12),
	(1934, 114, 59, 12),
	(1935, 115, 59, 12),
	(1936, 116, 59, 12),
	(1937, 117, 59, 12),
	(1938, 118, 59, 12),
	(1939, 119, 59, 12),
	(1940, 120, 59, 12),
	(1941, 121, 59, 12),
	(1942, 122, 59, 12),
	(1943, 123, 59, 12),
	(1944, 124, 59, 12),
	(1945, 125, 59, 12),
	(1946, 126, 59, 12),
	(1947, 127, 59, 12),
	(1948, 128, 59, 12),
	(1949, 129, 59, 12),
	(1950, 130, 59, 12),
	(1951, 131, 59, 12),
	(1952, 132, 59, 12),
	(1953, 133, 59, 12),
	(1954, 134, 59, 12),
	(1955, 135, 59, 12),
	(1956, 136, 59, 12),
	(1957, 137, 59, 12),
	(1958, 138, 59, 12),
	(1959, 139, 59, 12),
	(1960, 140, 59, 12),
	(1961, 1, 60, 14.4),
	(1962, 2, 60, 14.4),
	(1963, 3, 60, 14.4),
	(1964, 4, 60, 14.4),
	(1965, 5, 60, 14.4),
	(1966, 6, 60, 14.4),
	(1967, 7, 60, 14.4),
	(1968, 8, 60, 14.4),
	(1969, 9, 60, 14.4),
	(1970, 10, 60, 14.4),
	(1971, 11, 60, 14.4),
	(1972, 12, 60, 14.4),
	(1973, 13, 60, 14.4),
	(1974, 14, 60, 14.4),
	(1975, 15, 60, 14.4),
	(1976, 16, 60, 14.4),
	(1977, 17, 60, 14.4),
	(1978, 18, 60, 14.4),
	(1979, 19, 60, 14.4),
	(1980, 20, 60, 14.4),
	(1981, 21, 60, 14.4),
	(1982, 22, 60, 14.4),
	(1983, 23, 60, 14.4),
	(1984, 24, 60, 14.4),
	(1985, 25, 60, 14.4),
	(1986, 26, 60, 14.4),
	(1987, 27, 60, 14.4),
	(1988, 28, 60, 14.4),
	(1989, 29, 60, 14.4),
	(1990, 30, 60, 14.4),
	(1991, 31, 60, 14.4),
	(1992, 32, 60, 14.4),
	(1993, 33, 60, 14.4),
	(1994, 34, 60, 14.4),
	(1995, 35, 60, 14.4),
	(1996, 36, 60, 14.4),
	(1997, 37, 60, 14.4),
	(1998, 38, 60, 14.4),
	(1999, 39, 60, 14.4),
	(2000, 40, 60, 14.4),
	(2001, 41, 60, 14.4),
	(2002, 42, 60, 14.4),
	(2003, 43, 60, 14.4),
	(2004, 44, 60, 13.2),
	(2005, 45, 60, 13.2),
	(2006, 46, 60, 13.2),
	(2007, 47, 60, 13.2),
	(2008, 48, 60, 13.2),
	(2009, 49, 60, 13.2),
	(2010, 50, 60, 13.2),
	(2011, 51, 60, 13.2),
	(2012, 52, 60, 13.2),
	(2013, 53, 60, 13.2),
	(2014, 54, 60, 13.2),
	(2015, 55, 60, 13.2),
	(2016, 56, 60, 13.2),
	(2017, 57, 60, 13.2),
	(2018, 58, 60, 13.2),
	(2019, 59, 60, 13.2),
	(2020, 60, 60, 13.2),
	(2021, 61, 60, 13.2),
	(2022, 62, 60, 13.2),
	(2023, 63, 60, 13.2),
	(2024, 64, 60, 13.2),
	(2025, 65, 60, 13.2),
	(2026, 66, 60, 13.2),
	(2027, 67, 60, 13.2),
	(2028, 68, 60, 13.2),
	(2029, 69, 60, 13.2),
	(2030, 70, 60, 13.2),
	(2031, 71, 60, 13.2),
	(2032, 72, 60, 13.2),
	(2033, 73, 60, 13.2),
	(2034, 74, 60, 13.2),
	(2035, 75, 60, 13.2),
	(2036, 76, 60, 13.2),
	(2037, 77, 60, 13.2),
	(2038, 78, 60, 13.2),
	(2039, 79, 60, 13.2),
	(2040, 80, 60, 13.2),
	(2041, 81, 60, 13.2),
	(2042, 82, 60, 13.2),
	(2043, 83, 60, 12),
	(2044, 84, 60, 12),
	(2045, 85, 60, 12),
	(2046, 86, 60, 12),
	(2047, 87, 60, 12),
	(2048, 88, 60, 12),
	(2049, 89, 60, 12),
	(2050, 90, 60, 12),
	(2051, 91, 60, 12),
	(2052, 92, 60, 12),
	(2053, 93, 60, 12),
	(2054, 94, 60, 12),
	(2055, 95, 60, 12),
	(2056, 96, 60, 12),
	(2057, 97, 60, 12),
	(2058, 98, 60, 12),
	(2059, 99, 60, 12),
	(2060, 100, 60, 12),
	(2061, 101, 60, 12),
	(2062, 102, 60, 12),
	(2063, 103, 60, 12),
	(2064, 104, 60, 12),
	(2065, 105, 60, 12),
	(2066, 106, 60, 12),
	(2067, 107, 60, 12),
	(2068, 108, 60, 12),
	(2069, 109, 60, 12),
	(2070, 110, 60, 12),
	(2071, 111, 60, 12),
	(2072, 112, 60, 12),
	(2073, 113, 60, 12),
	(2074, 114, 60, 12),
	(2075, 115, 60, 12),
	(2076, 116, 60, 12),
	(2077, 117, 60, 12),
	(2078, 118, 60, 12),
	(2079, 119, 60, 12),
	(2080, 120, 60, 12),
	(2081, 121, 60, 12),
	(2082, 122, 60, 12),
	(2083, 123, 60, 12),
	(2084, 124, 60, 12),
	(2085, 125, 60, 12),
	(2086, 126, 60, 12),
	(2087, 127, 60, 12),
	(2088, 128, 60, 12),
	(2089, 129, 60, 12),
	(2090, 130, 60, 12),
	(2091, 131, 60, 12),
	(2092, 132, 60, 12),
	(2093, 133, 60, 12),
	(2094, 134, 60, 12),
	(2095, 135, 60, 12),
	(2096, 136, 60, 12),
	(2097, 137, 60, 12),
	(2098, 138, 60, 12),
	(2099, 139, 60, 12),
	(2100, 140, 60, 12),
	(2101, 401, 61, 14.4),
	(2102, 402, 61, 14.4),
	(2103, 403, 61, 14.4),
	(2104, 404, 61, 14.4),
	(2105, 405, 61, 14.4),
	(2106, 406, 61, 14.4),
	(2107, 407, 61, 14.4),
	(2108, 408, 61, 14.4),
	(2109, 409, 61, 14.4),
	(2110, 410, 61, 14.4),
	(2111, 411, 61, 14.4),
	(2112, 412, 61, 14.4),
	(2113, 413, 61, 14.4),
	(2114, 414, 61, 14.4),
	(2115, 415, 61, 14.4),
	(2116, 416, 61, 14.4),
	(2117, 417, 61, 14.4),
	(2118, 418, 61, 14.4),
	(2119, 419, 61, 13.2),
	(2120, 420, 61, 13.2),
	(2121, 421, 61, 13.2),
	(2122, 422, 61, 13.2),
	(2123, 423, 61, 13.2),
	(2124, 424, 61, 13.2),
	(2125, 425, 61, 13.2),
	(2126, 426, 61, 13.2),
	(2127, 427, 61, 13.2),
	(2128, 428, 61, 13.2),
	(2129, 429, 61, 13.2),
	(2130, 430, 61, 13.2),
	(2131, 431, 61, 13.2),
	(2132, 432, 61, 13.2),
	(2133, 433, 61, 13.2),
	(2134, 434, 61, 13.2),
	(2135, 435, 61, 13.2),
	(2136, 436, 61, 13.2),
	(2137, 437, 61, 13.2),
	(2138, 438, 61, 13.2),
	(2139, 439, 61, 13.2),
	(2140, 440, 61, 13.2),
	(2141, 441, 61, 13.2),
	(2142, 442, 61, 13.2),
	(2143, 443, 61, 13.2),
	(2144, 444, 61, 13.2),
	(2145, 445, 61, 13.2),
	(2146, 446, 61, 13.2),
	(2147, 447, 61, 13.2),
	(2148, 448, 61, 13.2),
	(2149, 449, 61, 13.2),
	(2150, 450, 61, 13.2),
	(2151, 451, 61, 13.2),
	(2152, 452, 61, 13.2),
	(2153, 453, 61, 12),
	(2154, 454, 61, 12),
	(2155, 455, 61, 12),
	(2156, 456, 61, 12),
	(2157, 457, 61, 12),
	(2158, 458, 61, 12),
	(2159, 459, 61, 12),
	(2160, 460, 61, 12),
	(2161, 461, 61, 12),
	(2162, 462, 61, 12),
	(2163, 463, 61, 12),
	(2164, 464, 61, 12),
	(2165, 465, 61, 12),
	(2166, 466, 61, 12),
	(2167, 467, 61, 12),
	(2168, 468, 61, 12),
	(2169, 469, 61, 12),
	(2170, 470, 61, 12),
	(2431, 201, 66, 20.16),
	(2432, 202, 66, 20.16),
	(2433, 203, 66, 20.16),
	(2434, 204, 66, 20.16),
	(2435, 205, 66, 20.16),
	(2436, 206, 66, 20.16),
	(2437, 207, 66, 20.16),
	(2438, 208, 66, 20.16),
	(2439, 209, 66, 20.16),
	(2440, 210, 66, 20.16),
	(2441, 211, 66, 20.16),
	(2442, 212, 66, 20.16),
	(2443, 213, 66, 20.16),
	(2444, 214, 66, 20.16),
	(2445, 215, 66, 20.16),
	(2446, 216, 66, 20.16),
	(2447, 217, 66, 20.16),
	(2448, 218, 66, 20.16),
	(2449, 219, 66, 20.16),
	(2450, 220, 66, 20.16),
	(2451, 221, 66, 20.16),
	(2452, 222, 66, 20.16),
	(2453, 223, 66, 20.16),
	(2454, 224, 66, 20.16),
	(2455, 225, 66, 20.16),
	(2456, 226, 66, 20.16),
	(2457, 227, 66, 20.16),
	(2458, 228, 66, 20.16),
	(2459, 229, 66, 20.16),
	(2460, 230, 66, 20.16),
	(2461, 231, 66, 20.16),
	(2462, 232, 66, 20.16),
	(2463, 233, 66, 20.16),
	(2464, 234, 66, 20.16),
	(2465, 235, 66, 20.16),
	(2466, 236, 66, 20.16),
	(2467, 237, 66, 20.16),
	(2468, 238, 66, 20.16),
	(2469, 239, 66, 20.16),
	(2470, 240, 66, 20.16),
	(2471, 241, 66, 20.16),
	(2472, 242, 66, 20.16),
	(2473, 243, 66, 20.16),
	(2474, 244, 66, 20.16),
	(2475, 245, 66, 20.16),
	(2476, 246, 66, 20.16),
	(2477, 247, 66, 20.16),
	(2478, 248, 66, 20.16),
	(2479, 249, 66, 20.16),
	(2480, 250, 66, 20.16),
	(2481, 251, 66, 20.16),
	(2482, 252, 66, 18.48),
	(2483, 253, 66, 18.48),
	(2484, 254, 66, 18.48),
	(2485, 255, 66, 18.48),
	(2486, 256, 66, 18.48),
	(2487, 257, 66, 18.48),
	(2488, 258, 66, 18.48),
	(2489, 259, 66, 18.48),
	(2490, 260, 66, 18.48),
	(2491, 261, 66, 18.48),
	(2492, 262, 66, 18.48),
	(2493, 263, 66, 18.48),
	(2494, 264, 66, 18.48),
	(2495, 265, 66, 18.48),
	(2496, 266, 66, 18.48),
	(2497, 267, 66, 18.48),
	(2498, 268, 66, 18.48),
	(2499, 269, 66, 18.48),
	(2500, 270, 66, 18.48),
	(2501, 271, 66, 18.48),
	(2502, 272, 66, 18.48),
	(2503, 273, 66, 18.48),
	(2504, 274, 66, 18.48),
	(2505, 275, 66, 18.48),
	(2506, 276, 66, 18.48),
	(2507, 277, 66, 18.48),
	(2508, 278, 66, 18.48),
	(2509, 279, 66, 18.48),
	(2510, 280, 66, 18.48),
	(2511, 281, 66, 18.48),
	(2512, 282, 66, 18.48),
	(2513, 283, 66, 18.48),
	(2514, 284, 66, 18.48),
	(2515, 285, 66, 18.48),
	(2516, 286, 66, 18.48),
	(2517, 287, 66, 18.48),
	(2518, 288, 66, 18.48),
	(2519, 289, 66, 18.48),
	(2520, 290, 66, 18.48),
	(2521, 291, 66, 18.48),
	(2522, 292, 66, 18.48),
	(2523, 293, 66, 18.48),
	(2524, 294, 66, 18.48),
	(2525, 295, 66, 18.48),
	(2526, 296, 66, 18.48),
	(2527, 297, 66, 18.48),
	(2528, 298, 66, 18.48),
	(2529, 299, 66, 18.48),
	(2530, 300, 66, 18.48),
	(2531, 301, 66, 18.48),
	(2532, 302, 66, 18.48),
	(2533, 303, 66, 18.48),
	(2534, 304, 66, 18.48),
	(2535, 305, 66, 18.48),
	(2536, 306, 66, 16.8),
	(2537, 307, 66, 16.8),
	(2538, 308, 66, 16.8),
	(2539, 309, 66, 16.8),
	(2540, 310, 66, 16.8),
	(2541, 311, 66, 16.8),
	(2542, 312, 66, 16.8),
	(2543, 313, 66, 16.8),
	(2544, 314, 66, 16.8),
	(2545, 315, 66, 16.8),
	(2546, 316, 66, 16.8),
	(2547, 317, 66, 16.8),
	(2548, 318, 66, 16.8),
	(2549, 319, 66, 16.8),
	(2550, 320, 66, 16.8),
	(2551, 321, 66, 16.8),
	(2552, 322, 66, 16.8),
	(2553, 323, 66, 16.8),
	(2554, 324, 66, 16.8),
	(2555, 325, 66, 16.8),
	(2556, 326, 66, 16.8),
	(2557, 327, 66, 16.8),
	(2558, 328, 66, 16.8),
	(2559, 329, 66, 16.8),
	(2560, 330, 66, 16.8),
	(2561, 331, 66, 16.8),
	(2562, 332, 66, 16.8),
	(2563, 333, 66, 16.8),
	(2564, 334, 66, 16.8),
	(2565, 335, 66, 16.8),
	(2566, 336, 66, 16.8),
	(2567, 337, 66, 16.8),
	(2568, 338, 66, 16.8),
	(2569, 339, 66, 16.8),
	(2570, 340, 66, 16.8),
	(2571, 341, 66, 16.8),
	(2572, 342, 66, 16.8),
	(2573, 343, 66, 16.8),
	(2574, 344, 66, 16.8),
	(2575, 345, 66, 16.8),
	(2576, 346, 66, 16.8),
	(2577, 347, 66, 16.8),
	(2578, 348, 66, 16.8),
	(2579, 349, 66, 16.8),
	(2580, 350, 66, 16.8),
	(2581, 351, 66, 16.8),
	(2582, 352, 66, 16.8),
	(2583, 353, 66, 16.8),
	(2584, 354, 66, 16.8),
	(2585, 355, 66, 16.8),
	(2586, 356, 66, 16.8),
	(2587, 357, 66, 16.8),
	(2588, 358, 66, 16.8),
	(2589, 359, 66, 16.8),
	(2590, 360, 66, 16.8),
	(2591, 361, 66, 16.8),
	(2592, 362, 66, 16.8),
	(2593, 363, 66, 16.8),
	(2594, 364, 66, 16.8),
	(2595, 365, 66, 16.8),
	(2596, 366, 66, 16.8),
	(2597, 367, 66, 16.8),
	(2598, 368, 66, 16.8),
	(2599, 369, 66, 16.8),
	(2600, 370, 66, 16.8),
	(2601, 371, 66, 16.8),
	(2602, 372, 66, 16.8),
	(2603, 373, 66, 16.8),
	(2604, 374, 66, 16.8),
	(2605, 375, 66, 16.8),
	(2606, 376, 66, 16.8),
	(2607, 377, 66, 16.8),
	(2608, 378, 66, 16.8),
	(2609, 379, 66, 16.8),
	(2610, 380, 66, 16.8),
	(2611, 381, 66, 16.8),
	(2612, 382, 66, 16.8),
	(2613, 383, 66, 16.8),
	(2614, 384, 66, 16.8),
	(2615, 385, 66, 16.8),
	(2616, 386, 66, 16.8),
	(2617, 387, 66, 16.8),
	(2618, 388, 66, 16.8),
	(2619, 389, 66, 16.8),
	(2620, 390, 66, 16.8),
	(2621, 391, 66, 16.8),
	(2622, 392, 66, 16.8),
	(2623, 393, 66, 16.8),
	(2624, 394, 66, 16.8),
	(2625, 395, 66, 16.8),
	(2626, 396, 66, 16.8),
	(2627, 397, 66, 16.8),
	(2628, 398, 66, 16.8),
	(2629, 399, 66, 16.8),
	(2630, 400, 66, 16.8),
	(2631, 1, 67, 14.4),
	(2632, 2, 67, 14.4),
	(2633, 3, 67, 14.4),
	(2634, 4, 67, 14.4),
	(2635, 5, 67, 14.4),
	(2636, 6, 67, 14.4),
	(2637, 7, 67, 14.4),
	(2638, 8, 67, 14.4),
	(2639, 9, 67, 14.4),
	(2640, 10, 67, 14.4),
	(2641, 11, 67, 14.4),
	(2642, 12, 67, 14.4),
	(2643, 13, 67, 14.4),
	(2644, 14, 67, 14.4),
	(2645, 15, 67, 14.4),
	(2646, 16, 67, 14.4),
	(2647, 17, 67, 14.4),
	(2648, 18, 67, 14.4),
	(2649, 19, 67, 14.4),
	(2650, 20, 67, 14.4),
	(2651, 21, 67, 14.4),
	(2652, 22, 67, 14.4),
	(2653, 23, 67, 14.4),
	(2654, 24, 67, 14.4),
	(2655, 25, 67, 14.4),
	(2656, 26, 67, 14.4),
	(2657, 27, 67, 14.4),
	(2658, 28, 67, 14.4),
	(2659, 29, 67, 14.4),
	(2660, 30, 67, 14.4),
	(2661, 31, 67, 14.4),
	(2662, 32, 67, 14.4),
	(2663, 33, 67, 14.4),
	(2664, 34, 67, 14.4),
	(2665, 35, 67, 14.4),
	(2666, 36, 67, 14.4),
	(2667, 37, 67, 14.4),
	(2668, 38, 67, 14.4),
	(2669, 39, 67, 14.4),
	(2670, 40, 67, 14.4),
	(2671, 41, 67, 14.4),
	(2672, 42, 67, 14.4),
	(2673, 43, 67, 14.4),
	(2674, 44, 67, 13.2),
	(2675, 45, 67, 13.2),
	(2676, 46, 67, 13.2),
	(2677, 47, 67, 13.2),
	(2678, 48, 67, 13.2),
	(2679, 49, 67, 13.2),
	(2680, 50, 67, 13.2),
	(2681, 51, 67, 13.2),
	(2682, 52, 67, 13.2),
	(2683, 53, 67, 13.2),
	(2684, 54, 67, 13.2),
	(2685, 55, 67, 13.2),
	(2686, 56, 67, 13.2),
	(2687, 57, 67, 13.2),
	(2688, 58, 67, 13.2),
	(2689, 59, 67, 13.2),
	(2690, 60, 67, 13.2),
	(2691, 61, 67, 13.2),
	(2692, 62, 67, 13.2),
	(2693, 63, 67, 13.2),
	(2694, 64, 67, 13.2),
	(2695, 65, 67, 13.2),
	(2696, 66, 67, 13.2),
	(2697, 67, 67, 13.2),
	(2698, 68, 67, 13.2),
	(2699, 69, 67, 13.2),
	(2700, 70, 67, 13.2),
	(2701, 71, 67, 13.2),
	(2702, 72, 67, 13.2),
	(2703, 73, 67, 13.2),
	(2704, 74, 67, 13.2),
	(2705, 75, 67, 13.2),
	(2706, 76, 67, 13.2),
	(2707, 77, 67, 13.2),
	(2708, 78, 67, 13.2),
	(2709, 79, 67, 13.2),
	(2710, 80, 67, 13.2),
	(2711, 81, 67, 13.2),
	(2712, 82, 67, 13.2),
	(2713, 83, 67, 12),
	(2714, 84, 67, 12),
	(2715, 85, 67, 12),
	(2716, 86, 67, 12),
	(2717, 87, 67, 12),
	(2718, 88, 67, 12),
	(2719, 89, 67, 12),
	(2720, 90, 67, 12),
	(2721, 91, 67, 12),
	(2722, 92, 67, 12),
	(2723, 93, 67, 12),
	(2724, 94, 67, 12),
	(2725, 95, 67, 12),
	(2726, 96, 67, 12),
	(2727, 97, 67, 12),
	(2728, 98, 67, 12),
	(2729, 99, 67, 12),
	(2730, 100, 67, 12),
	(2731, 101, 67, 12),
	(2732, 102, 67, 12),
	(2733, 103, 67, 12),
	(2734, 104, 67, 12),
	(2735, 105, 67, 12),
	(2736, 106, 67, 12),
	(2737, 107, 67, 12),
	(2738, 108, 67, 12),
	(2739, 109, 67, 12),
	(2740, 110, 67, 12),
	(2741, 111, 67, 12),
	(2742, 112, 67, 12),
	(2743, 113, 67, 12),
	(2744, 114, 67, 12),
	(2745, 115, 67, 12),
	(2746, 116, 67, 12),
	(2747, 117, 67, 12),
	(2748, 118, 67, 12),
	(2749, 119, 67, 12),
	(2750, 120, 67, 12),
	(2751, 121, 67, 12),
	(2752, 122, 67, 12),
	(2753, 123, 67, 12),
	(2754, 124, 67, 12),
	(2755, 125, 67, 12),
	(2756, 126, 67, 12),
	(2757, 127, 67, 12),
	(2758, 128, 67, 12),
	(2759, 129, 67, 12),
	(2760, 130, 67, 12),
	(2761, 131, 67, 12),
	(2762, 132, 67, 12),
	(2763, 133, 67, 12),
	(2764, 134, 67, 12),
	(2765, 135, 67, 12),
	(2766, 136, 67, 12),
	(2767, 137, 67, 12),
	(2768, 138, 67, 12),
	(2769, 139, 67, 12),
	(2770, 140, 67, 12),
	(2891, 141, 78, 20.16),
	(2892, 142, 78, 20.16),
	(2893, 143, 78, 20.16),
	(2894, 144, 78, 20.16),
	(2895, 145, 78, 20.16),
	(2896, 146, 78, 20.16),
	(2897, 147, 78, 20.16),
	(2898, 148, 78, 20.16),
	(2899, 149, 78, 20.16),
	(2900, 150, 78, 20.16),
	(2901, 151, 78, 20.16),
	(2902, 152, 78, 20.16),
	(2903, 153, 78, 20.16),
	(2904, 154, 78, 20.16),
	(2905, 155, 78, 20.16),
	(2906, 156, 78, 20.16),
	(2907, 157, 78, 20.16),
	(2908, 158, 78, 20.16),
	(2909, 159, 78, 20.16),
	(2910, 160, 78, 20.16),
	(2911, 161, 78, 20.16),
	(2912, 162, 78, 20.16),
	(2913, 163, 78, 20.16),
	(2914, 164, 78, 20.16),
	(2915, 165, 78, 18.48),
	(2916, 166, 78, 18.48),
	(2917, 167, 78, 18.48),
	(2918, 168, 78, 18.48),
	(2919, 169, 78, 18.48),
	(2920, 170, 78, 18.48),
	(2921, 171, 78, 18.48),
	(2922, 172, 78, 18.48),
	(2923, 173, 78, 18.48),
	(2924, 174, 78, 18.48),
	(2925, 175, 78, 18.48),
	(2926, 176, 78, 18.48),
	(2927, 177, 78, 18.48),
	(2928, 178, 78, 18.48),
	(2929, 179, 78, 18.48),
	(2930, 180, 78, 18.48),
	(2931, 181, 78, 18.48),
	(2932, 182, 78, 18.48),
	(2933, 183, 78, 18.48),
	(2934, 184, 78, 18.48),
	(2935, 185, 78, 16.8),
	(2936, 186, 78, 16.8),
	(2937, 187, 78, 16.8),
	(2938, 188, 78, 16.8),
	(2939, 189, 78, 16.8),
	(2940, 190, 78, 16.8),
	(2941, 191, 78, 16.8),
	(2942, 192, 78, 16.8),
	(2943, 193, 78, 16.8),
	(2944, 194, 78, 16.8),
	(2945, 195, 78, 16.8),
	(2946, 196, 78, 16.8),
	(2947, 197, 78, 16.8),
	(2948, 198, 78, 16.8),
	(2949, 199, 78, 16.8),
	(2950, 200, 78, 16.8),
	(2951, 141, 79, 14.4),
	(2952, 142, 79, 14.4),
	(2953, 143, 79, 14.4),
	(2954, 144, 79, 14.4),
	(2955, 145, 79, 14.4),
	(2956, 146, 79, 14.4),
	(2957, 147, 79, 14.4),
	(2958, 148, 79, 14.4),
	(2959, 149, 79, 14.4),
	(2960, 150, 79, 14.4),
	(2961, 151, 79, 14.4),
	(2962, 152, 79, 14.4),
	(2963, 153, 79, 14.4),
	(2964, 154, 79, 14.4),
	(2965, 155, 79, 14.4),
	(2966, 156, 79, 14.4),
	(2967, 157, 79, 14.4),
	(2968, 158, 79, 14.4),
	(2969, 159, 79, 14.4),
	(2970, 160, 79, 14.4),
	(2971, 161, 79, 14.4),
	(2972, 162, 79, 14.4),
	(2973, 163, 79, 14.4),
	(2974, 164, 79, 14.4),
	(2975, 165, 79, 13.2),
	(2976, 166, 79, 13.2),
	(2977, 167, 79, 13.2),
	(2978, 168, 79, 13.2),
	(2979, 169, 79, 13.2),
	(2980, 170, 79, 13.2),
	(2981, 171, 79, 13.2),
	(2982, 172, 79, 13.2),
	(2983, 173, 79, 13.2),
	(2984, 174, 79, 13.2),
	(2985, 175, 79, 13.2),
	(2986, 176, 79, 13.2),
	(2987, 177, 79, 13.2),
	(2988, 178, 79, 13.2),
	(2989, 179, 79, 13.2),
	(2990, 180, 79, 13.2),
	(2991, 181, 79, 13.2),
	(2992, 182, 79, 13.2),
	(2993, 183, 79, 13.2),
	(2994, 184, 79, 13.2),
	(2995, 185, 79, 12),
	(2996, 186, 79, 12),
	(2997, 187, 79, 12),
	(2998, 188, 79, 12),
	(2999, 189, 79, 12),
	(3000, 190, 79, 12),
	(3001, 191, 79, 12),
	(3002, 192, 79, 12),
	(3003, 193, 79, 12),
	(3004, 194, 79, 12),
	(3005, 195, 79, 12),
	(3006, 196, 79, 12),
	(3007, 197, 79, 12),
	(3008, 198, 79, 12),
	(3009, 199, 79, 12),
	(3010, 200, 79, 12),
	(3011, 401, 80, 14.4),
	(3012, 402, 80, 14.4),
	(3013, 403, 80, 14.4),
	(3014, 404, 80, 14.4),
	(3015, 405, 80, 14.4),
	(3016, 406, 80, 14.4),
	(3017, 407, 80, 14.4),
	(3018, 408, 80, 14.4),
	(3019, 409, 80, 14.4),
	(3020, 410, 80, 14.4),
	(3021, 411, 80, 14.4),
	(3022, 412, 80, 14.4),
	(3023, 413, 80, 14.4),
	(3024, 414, 80, 14.4),
	(3025, 415, 80, 14.4),
	(3026, 416, 80, 14.4),
	(3027, 417, 80, 14.4),
	(3028, 418, 80, 14.4),
	(3029, 419, 80, 13.2),
	(3030, 420, 80, 13.2),
	(3031, 421, 80, 13.2),
	(3032, 422, 80, 13.2),
	(3033, 423, 80, 13.2),
	(3034, 424, 80, 13.2),
	(3035, 425, 80, 13.2),
	(3036, 426, 80, 13.2),
	(3037, 427, 80, 13.2),
	(3038, 428, 80, 13.2),
	(3039, 429, 80, 13.2),
	(3040, 430, 80, 13.2),
	(3041, 431, 80, 13.2),
	(3042, 432, 80, 13.2),
	(3043, 433, 80, 13.2),
	(3044, 434, 80, 13.2),
	(3045, 435, 80, 13.2),
	(3046, 436, 80, 13.2),
	(3047, 437, 80, 13.2),
	(3048, 438, 80, 13.2),
	(3049, 439, 80, 13.2),
	(3050, 440, 80, 13.2),
	(3051, 441, 80, 13.2),
	(3052, 442, 80, 13.2),
	(3053, 443, 80, 13.2),
	(3054, 444, 80, 13.2),
	(3055, 445, 80, 13.2),
	(3056, 446, 80, 13.2),
	(3057, 447, 80, 13.2),
	(3058, 448, 80, 13.2),
	(3059, 449, 80, 13.2),
	(3060, 450, 80, 13.2),
	(3061, 451, 80, 13.2),
	(3062, 452, 80, 13.2),
	(3063, 453, 80, 12),
	(3064, 454, 80, 12),
	(3065, 455, 80, 12),
	(3066, 456, 80, 12),
	(3067, 457, 80, 12),
	(3068, 458, 80, 12),
	(3069, 459, 80, 12),
	(3070, 460, 80, 12),
	(3071, 461, 80, 12),
	(3072, 462, 80, 12),
	(3073, 463, 80, 12),
	(3074, 464, 80, 12),
	(3075, 465, 80, 12),
	(3076, 466, 80, 12),
	(3077, 467, 80, 12),
	(3078, 468, 80, 12),
	(3079, 469, 80, 12),
	(3080, 470, 80, 12),
	(3081, 201, 81, 14.4),
	(3082, 202, 81, 14.4),
	(3083, 203, 81, 14.4),
	(3084, 204, 81, 14.4),
	(3085, 205, 81, 14.4),
	(3086, 206, 81, 14.4),
	(3087, 207, 81, 14.4),
	(3088, 208, 81, 14.4),
	(3089, 209, 81, 14.4),
	(3090, 210, 81, 14.4),
	(3091, 211, 81, 14.4),
	(3092, 212, 81, 14.4),
	(3093, 213, 81, 14.4),
	(3094, 214, 81, 14.4),
	(3095, 215, 81, 14.4),
	(3096, 216, 81, 14.4),
	(3097, 217, 81, 14.4),
	(3098, 218, 81, 14.4),
	(3099, 219, 81, 14.4),
	(3100, 220, 81, 14.4),
	(3101, 221, 81, 14.4),
	(3102, 222, 81, 14.4),
	(3103, 223, 81, 14.4),
	(3104, 224, 81, 14.4),
	(3105, 225, 81, 14.4),
	(3106, 226, 81, 14.4),
	(3107, 227, 81, 14.4),
	(3108, 228, 81, 14.4),
	(3109, 229, 81, 14.4),
	(3110, 230, 81, 14.4),
	(3111, 231, 81, 14.4),
	(3112, 232, 81, 14.4),
	(3113, 233, 81, 14.4),
	(3114, 234, 81, 14.4),
	(3115, 235, 81, 14.4),
	(3116, 236, 81, 14.4),
	(3117, 237, 81, 14.4),
	(3118, 238, 81, 14.4),
	(3119, 239, 81, 14.4),
	(3120, 240, 81, 14.4),
	(3121, 241, 81, 14.4),
	(3122, 242, 81, 14.4),
	(3123, 243, 81, 14.4),
	(3124, 244, 81, 14.4),
	(3125, 245, 81, 14.4),
	(3126, 246, 81, 14.4),
	(3127, 247, 81, 14.4),
	(3128, 248, 81, 14.4),
	(3129, 249, 81, 14.4),
	(3130, 250, 81, 14.4),
	(3131, 251, 81, 14.4),
	(3132, 252, 81, 13.2),
	(3133, 253, 81, 13.2),
	(3134, 254, 81, 13.2),
	(3135, 255, 81, 13.2),
	(3136, 256, 81, 13.2),
	(3137, 257, 81, 13.2),
	(3138, 258, 81, 13.2),
	(3139, 259, 81, 13.2),
	(3140, 260, 81, 13.2),
	(3141, 261, 81, 13.2),
	(3142, 262, 81, 13.2),
	(3143, 263, 81, 13.2),
	(3144, 264, 81, 13.2),
	(3145, 265, 81, 13.2),
	(3146, 266, 81, 13.2),
	(3147, 267, 81, 13.2),
	(3148, 268, 81, 13.2),
	(3149, 269, 81, 13.2),
	(3150, 270, 81, 13.2),
	(3151, 271, 81, 13.2),
	(3152, 272, 81, 13.2),
	(3153, 273, 81, 13.2),
	(3154, 274, 81, 13.2),
	(3155, 275, 81, 13.2),
	(3156, 276, 81, 13.2),
	(3157, 277, 81, 13.2),
	(3158, 278, 81, 13.2),
	(3159, 279, 81, 13.2),
	(3160, 280, 81, 13.2),
	(3161, 281, 81, 13.2),
	(3162, 282, 81, 13.2),
	(3163, 283, 81, 13.2),
	(3164, 284, 81, 13.2),
	(3165, 285, 81, 13.2),
	(3166, 286, 81, 13.2),
	(3167, 287, 81, 13.2),
	(3168, 288, 81, 13.2),
	(3169, 289, 81, 13.2),
	(3170, 290, 81, 13.2),
	(3171, 291, 81, 13.2),
	(3172, 292, 81, 13.2),
	(3173, 293, 81, 13.2),
	(3174, 294, 81, 13.2),
	(3175, 295, 81, 13.2),
	(3176, 296, 81, 13.2),
	(3177, 297, 81, 13.2),
	(3178, 298, 81, 13.2),
	(3179, 299, 81, 13.2),
	(3180, 300, 81, 13.2),
	(3181, 301, 81, 13.2),
	(3182, 302, 81, 13.2),
	(3183, 303, 81, 13.2),
	(3184, 304, 81, 13.2),
	(3185, 305, 81, 13.2),
	(3186, 306, 81, 12),
	(3187, 307, 81, 12),
	(3188, 308, 81, 12),
	(3189, 309, 81, 12),
	(3190, 310, 81, 12),
	(3191, 311, 81, 12),
	(3192, 312, 81, 12),
	(3193, 313, 81, 12),
	(3194, 314, 81, 12),
	(3195, 315, 81, 12),
	(3196, 316, 81, 12),
	(3197, 317, 81, 12),
	(3198, 318, 81, 12),
	(3199, 319, 81, 12),
	(3200, 320, 81, 12),
	(3201, 321, 81, 12),
	(3202, 322, 81, 12),
	(3203, 323, 81, 12),
	(3204, 324, 81, 12),
	(3205, 325, 81, 12),
	(3206, 326, 81, 12),
	(3207, 327, 81, 12),
	(3208, 328, 81, 12),
	(3209, 329, 81, 12),
	(3210, 330, 81, 12),
	(3211, 331, 81, 12),
	(3212, 332, 81, 12),
	(3213, 333, 81, 12),
	(3214, 334, 81, 12),
	(3215, 335, 81, 12),
	(3216, 336, 81, 12),
	(3217, 337, 81, 12),
	(3218, 338, 81, 12),
	(3219, 339, 81, 12),
	(3220, 340, 81, 12),
	(3221, 341, 81, 12),
	(3222, 342, 81, 12),
	(3223, 343, 81, 12),
	(3224, 344, 81, 12),
	(3225, 345, 81, 12),
	(3226, 346, 81, 12),
	(3227, 347, 81, 12),
	(3228, 348, 81, 12),
	(3229, 349, 81, 12),
	(3230, 350, 81, 12),
	(3231, 351, 81, 12),
	(3232, 352, 81, 12),
	(3233, 353, 81, 12),
	(3234, 354, 81, 12),
	(3235, 355, 81, 12),
	(3236, 356, 81, 12),
	(3237, 357, 81, 12),
	(3238, 358, 81, 12),
	(3239, 359, 81, 12),
	(3240, 360, 81, 12),
	(3241, 361, 81, 12),
	(3242, 362, 81, 12),
	(3243, 363, 81, 12),
	(3244, 364, 81, 12),
	(3245, 365, 81, 12),
	(3246, 366, 81, 12),
	(3247, 367, 81, 12),
	(3248, 368, 81, 12),
	(3249, 369, 81, 12),
	(3250, 370, 81, 12),
	(3251, 371, 81, 12),
	(3252, 372, 81, 12),
	(3253, 373, 81, 12),
	(3254, 374, 81, 12),
	(3255, 375, 81, 12),
	(3256, 376, 81, 12),
	(3257, 377, 81, 12),
	(3258, 378, 81, 12),
	(3259, 379, 81, 12),
	(3260, 380, 81, 12),
	(3261, 381, 81, 12),
	(3262, 382, 81, 12),
	(3263, 383, 81, 12),
	(3264, 384, 81, 12),
	(3265, 385, 81, 12),
	(3266, 386, 81, 12),
	(3267, 387, 81, 12),
	(3268, 388, 81, 12),
	(3269, 389, 81, 12),
	(3270, 390, 81, 12),
	(3271, 391, 81, 12),
	(3272, 392, 81, 12),
	(3273, 393, 81, 12),
	(3274, 394, 81, 12),
	(3275, 395, 81, 12),
	(3276, 396, 81, 12),
	(3277, 397, 81, 12),
	(3278, 398, 81, 12),
	(3279, 399, 81, 12),
	(3280, 400, 81, 12);
/*!40000 ALTER TABLE `ticket` ENABLE KEYS */;

-- Dumping structure for table divadlo.ticket_booking
CREATE TABLE IF NOT EXISTS `ticket_booking` (
  `idTicket` int(11) NOT NULL,
  `idBookedTicket` int(11) NOT NULL,
  PRIMARY KEY (`idTicket`,`idBookedTicket`),
  KEY `FK_ticket_booking_booked_ticket` (`idBookedTicket`),
  CONSTRAINT `FK_ticket_booking_booked_ticket` FOREIGN KEY (`idBookedTicket`) REFERENCES `booked_ticket` (`idBookedTicket`),
  CONSTRAINT `FK_ticket_booking_ticket` FOREIGN KEY (`idTicket`) REFERENCES `ticket` (`idTicket`)
) ENGINE=InnoDB DEFAULT CHARSET=utf8mb4;

-- Dumping data for table divadlo.ticket_booking: ~6 rows (approximately)
/*!40000 ALTER TABLE `ticket_booking` DISABLE KEYS */;
INSERT INTO `ticket_booking` (`idTicket`, `idBookedTicket`) VALUES
	(2596, 75),
	(2597, 75),
	(2620, 75),
	(2621, 75),
	(2746, 74),
	(2747, 74),
	(2935, 76),
	(2936, 76),
	(2971, 77),
	(2972, 77);
/*!40000 ALTER TABLE `ticket_booking` ENABLE KEYS */;

-- Dumping structure for table divadlo.usage
CREATE TABLE IF NOT EXISTS `usage` (
  `idUsage` int(11) NOT NULL AUTO_INCREMENT,
  `timeFrom` datetime NOT NULL,
  `timeTo` datetime NOT NULL,
  `idHall` int(11) NOT NULL DEFAULT 0,
  PRIMARY KEY (`idUsage`),
  KEY `FK1_USAGE_HALL` (`idHall`),
  CONSTRAINT `FK1_USAGE_HALL` FOREIGN KEY (`idHall`) REFERENCES `hall` (`idHall`)
) ENGINE=InnoDB AUTO_INCREMENT=111 DEFAULT CHARSET=utf8mb4;

-- Dumping data for table divadlo.usage: ~13 rows (approximately)
/*!40000 ALTER TABLE `usage` DISABLE KEYS */;
INSERT INTO `usage` (`idUsage`, `timeFrom`, `timeTo`, `idHall`) VALUES
	(76, '2020-06-30 16:00:00', '2020-05-30 19:00:00', 2),
	(78, '2020-05-30 20:00:00', '2020-05-30 23:00:00', 2),
	(79, '2020-07-01 16:00:00', '2020-07-01 20:00:00', 3),
	(80, '2020-07-01 16:00:00', '2020-07-01 20:00:00', 3),
	(82, '2020-07-04 19:00:00', '2020-07-04 22:00:00', 3),
	(84, '2020-07-01 20:00:00', '2020-07-01 22:00:00', 1),
	(85, '2020-07-03 20:00:00', '2020-07-03 23:00:00', 1),
	(86, '2020-07-05 19:00:00', '2020-07-05 22:00:00', 4),
	(89, '2020-06-28 20:00:00', '2020-06-29 00:00:00', 2),
	(92, '2020-06-27 20:00:00', '2020-06-27 23:00:00', 3),
	(93, '2020-06-28 20:00:00', '2020-06-28 23:00:00', 1),
	(104, '2020-06-25 19:00:00', '2020-06-25 21:00:00', 2),
	(105, '2020-06-26 19:00:00', '2020-06-26 21:00:00', 2),
	(106, '2020-06-26 19:00:00', '2020-06-26 21:00:00', 4),
	(107, '2020-06-28 20:00:00', '2020-06-26 23:00:00', 3),
	(109, '2020-06-29 12:00:00', '2020-06-29 16:00:00', 4),
	(110, '2020-06-30 19:00:00', '2020-06-30 22:00:00', 1);
/*!40000 ALTER TABLE `usage` ENABLE KEYS */;

-- Dumping structure for table divadlo.usage_rent_show
CREATE TABLE IF NOT EXISTS `usage_rent_show` (
  `idUsage` int(11) NOT NULL,
  `idRent` int(11) DEFAULT NULL,
  `idShow` int(11) DEFAULT NULL,
  PRIMARY KEY (`idUsage`),
  KEY `FK2_USAGE_RENT_SHOW_SHOW` (`idShow`),
  KEY `FK_usage_rent_show_rent` (`idRent`),
  CONSTRAINT `FK2_USAGE_RENT_SHOW_SHOW` FOREIGN KEY (`idShow`) REFERENCES `show` (`idShow`),
  CONSTRAINT `FK_usage_rent_show_rent` FOREIGN KEY (`idRent`) REFERENCES `rent` (`idRent`),
  CONSTRAINT `FK_usage_rent_show_usage` FOREIGN KEY (`idUsage`) REFERENCES `usage` (`idUsage`)
) ENGINE=InnoDB DEFAULT CHARSET=utf8mb4;

-- Dumping data for table divadlo.usage_rent_show: ~10 rows (approximately)
/*!40000 ALTER TABLE `usage_rent_show` DISABLE KEYS */;
INSERT INTO `usage_rent_show` (`idUsage`, `idRent`, `idShow`) VALUES
	(76, 1, NULL),
	(80, 2, NULL),
	(82, NULL, 57),
	(84, NULL, 59),
	(85, NULL, 60),
	(86, NULL, 61),
	(89, 3, NULL),
	(92, NULL, 66),
	(93, NULL, 67),
	(104, NULL, 78),
	(105, NULL, 79),
	(106, NULL, 80),
	(107, NULL, 81),
	(109, 4, NULL),
	(110, 5, NULL);
/*!40000 ALTER TABLE `usage_rent_show` ENABLE KEYS */;

/*!40101 SET SQL_MODE=IFNULL(@OLD_SQL_MODE, '') */;
/*!40014 SET FOREIGN_KEY_CHECKS=IF(@OLD_FOREIGN_KEY_CHECKS IS NULL, 1, @OLD_FOREIGN_KEY_CHECKS) */;
/*!40101 SET CHARACTER_SET_CLIENT=@OLD_CHARACTER_SET_CLIENT */;
